ticker,zacks_rank
A,3
AA,3
AAC,
AACG,
AACI,
AACIU,
AACIW,
AACT,
AADI,3
AAIC,3
AAIN,
AAL,2
AAM,
AAMC,
AAME,
AAN,3
AAOI,3
AAON,2
AAP,5
AAPL,3
AAT,3
AAU,
AB,4
ABBV,3
ABC,3
ABCB,3
ABCL,2
ABCM,2
ABEO,
ABEV,2
ABG,3
ABIO,
ABL,
ABLLW,
ABM,4
ABNB,2
ABOS,3
ABR,2
ABSI,3
ABT,3
ABUS,3
ABVC,
AC,
ACA,2
ACABW,
ACAC,
ACAD,2
ACAH,
ACAHU,
ACAHW,
ACAQ,
ACB,2
ACBA,
ACBAU,
ACBAW,
ACCD,2
ACCO,3
ACDC,5
ACDCW,
ACEL,3
ACER,3
ACET,3
ACGL,1
ACGLN,
ACGLO,
ACGN,
ACHC,3
ACHL,2
ACHR,3
ACHV,
ACI,3
ACIU,3
ACIW,3
ACLS,1
ACLX,3
ACM,2
ACMR,3
ACN,3
ACNB,2
ACNT,3
ACON,
ACONW,
ACOR,
ACP,
ACR,3
ACRE,5
ACRO,
ACRS,3
ACRV,3
ACRX,3
ACST,2
ACT,2
ACTG,
ACU,
ACV,
ACVA,3
ACXP,3
ADAG,3
ADAP,3
ADBE,3
ADC,3
ADCT,2
ADD,
ADEA,3
ADER,
ADERW,
ADES,3
ADEX,
ADI,3
ADIL,3
ADM,3
ADMA,2
ADMP,
ADN,4
ADNT,3
ADNWW,
ADOC,
ADOCR,
ADOCW,
ADP,3
ADPT,2
ADRT,
ADSE,3
ADSEW,
ADSK,3
ADT,4
ADTH,
ADTHW,
ADTN,3
ADTX,3
ADUS,3
ADV,2
ADVM,4
ADVWW,
ADX,
ADXN,
AE,3
AEAE,
AEAEU,
AEAEW,
AEE,3
AEF,
AEFC,
AEG,2
AEHL,
AEHR,1
AEI,
AEIS,3
AEL,3
AEM,3
AEMD,
AENT,
AENTW,
AENZ,
AEO,2
AEON,
AEP,4
AEPPZ,
AER,2
AES,3
AESC,
AESI,3
AEVA,3
AEY,
AEYE,3
AEZS,3
AFAR,
AFARU,
AFB,
AFBI,
AFCG,3
AFG,4
AFGB,
AFGC,
AFGD,
AFGE,
AFIB,3
AFL,3
AFMD,3
AFRI,
AFRIW,
AFRM,3
AFT,
AFTR,
AFYA,1
AG,3
AGAC,
AGAE,
AGBA,
AGBAW,
AGCO,3
AGD,
AGE,
AGEN,3
AGFY,
AGI,3
AGIL,
AGIO,3
AGL,3
AGLE,3
AGM,3
AGMH,
AGNC,3
AGNCL,
AGNCM,
AGNCN,
AGNCO,
AGNCP,
AGO,3
AGR,4
AGRI,3
AGRIW,
AGRO,2
AGRX,4
AGS,3
AGTI,3
AGX,
AGYS,3
AHCO,4
AHG,
AHH,4
AHI,
AHL,
AHT,4
AI,3
AIB,
AIC,
AIF,
AIG,3
AIH,
AIHS,
AIM,
AIMBU,
AIMD,
AIMDW,
AIN,3
AINC,3
AIO,
AIP,3
AIR,2
AIRC,3
AIRG,3
AIRI,3
AIRS,4
AIRT,
AIRTP,
AIT,2
AIU,
AIV,
AIXI,
AIZ,2
AIZN,
AJG,3
AJX,3
AJXA,
AKA,3
AKAM,2
AKAN,
AKBA,3
AKLI,
AKO,
AKR,3
AKRO,2
AKTS,3
AKTX,3
AKU,3
AKYA,2
AL,3
ALAR,3
ALB,1
ALBT,
ALC,2
ALCC,
ALCO,3
ALCY,
ALCYU,
ALCYW,
ALDX,3
ALE,3
ALEC,1
ALEX,3
ALG,2
ALGM,2
ALGN,1
ALGS,3
ALGT,2
ALHC,3
ALIM,3
ALIT,3
ALK,3
ALKS,3
ALKT,4
ALL,4
ALLE,3
ALLG,
ALLK,3
ALLO,3
ALLR,
ALLT,3
ALLY,5
ALNY,3
ALOR,
ALOT,
ALPN,3
ALPP,
ALRM,3
ALRN,3
ALRS,3
ALSA,
ALSAR,
ALSAW,
ALSN,2
ALT,3
ALTG,1
ALTI,4
ALTO,3
ALTR,3
ALTU,
ALTUW,
ALUR,
ALV,2
ALVO,3
ALVOW,
ALVR,3
ALX,1
ALXO,2
ALYA,3
ALZN,
AM,3
AMAL,3
AMAM,3
AMAO,
AMAOU,
AMAOW,
AMAT,4
AMBA,4
AMBC,3
AMBI,
AMBO,
AMBP,4
AMC,4
AMCR,4
AMCX,3
AMD,3
AME,2
AMED,3
AMEH,3
AMG,3
AMGN,3
AMH,2
AMK,3
AMKR,3
AMLI,4
AMLX,3
AMN,3
AMNB,3
AMOT,4
AMP,3
AMPE,
AMPG,
AMPGW,
AMPH,1
AMPL,3
AMPS,5
AMPX,4
AMPY,4
AMR,4
AMRC,2
AMRK,3
AMRN,3
AMRS,3
AMRX,4
AMS,
AMSC,3
AMSF,4
AMST,
AMSWA,3
AMT,3
AMTB,3
AMTD,
AMTI,3
AMTX,3
AMWD,1
AMWL,3
AMX,2
AMZN,1
AN,3
ANAB,3
ANDE,3
ANEB,3
ANET,2
ANF,3
ANGH,
ANGHW,
ANGI,2
ANGO,4
ANIK,3
ANIP,2
ANIX,2
ANNX,3
ANSS,3
ANTE,
ANTX,3
ANVS,3
ANY,
ANZU,
ANZUU,
ANZUW,
AOD,
AOGO,
AOGOW,
AOMR,3
AON,3
AORT,1
AOS,2
AOSL,3
AOUT,3
AP,
APA,3
APAC,
APAM,2
APCA,
APCX,
APCXW,
APD,3
APDN,3
APE,
APEI,2
APG,2
APGB,
APGE,
APGN,3
APGNW,
APH,3
API,2
APLD,3
APLE,4
APLM,3
APLMW,
APLS,3
APLT,
APM,3
APMI,
APMIU,
APMIW,
APO,3
APOG,1
APP,3
APPF,2
APPN,3
APPS,3
APRE,3
APRN,
APT,
APTM,
APTMU,
APTMW,
APTO,3
APTV,2
APVO,3
APWC,
APXI,
APXIW,
APYX,3
AQB,3
AQMS,3
AQN,3
AQNA,
AQNB,
AQNU,
AQST,3
AQUNR,
AR,3
ARAV,2
ARAY,3
ARBB,
ARBE,3
ARBEW,
ARBK,3
ARBKL,
ARC,4
ARCB,5
ARCC,3
ARCE,2
ARCH,3
ARCO,2
ARCT,3
ARDC,
ARDX,3
ARE,3
AREB,
AREBW,
AREC,4
AREN,3
ARES,3
ARGD,
ARGO,3
ARGX,3
ARHS,2
ARI,3
ARIS,3
ARIZ,
ARIZW,
ARKO,3
ARKOW,
ARKR,
ARL,
ARLO,3
ARLP,3
ARMK,3
ARMP,3
ARNC,3
AROC,2
AROW,5
ARQQ,3
ARQQW,
ARQT,3
ARR,5
ARRW,
ARRWU,
ARRWW,
ARRY,4
ARTE,
ARTEW,
ARTL,3
ARTLW,
ARTNA,3
ARTW,
ARVL,
ARVN,3
ARW,3
ARWR,
ARYD,
ASA,
ASAI,4
ASAN,3
ASB,4
ASBA,
ASC,3
ASCA,
ASCAR,
ASCB,
ASCBR,
ASCBU,
ASG,
ASGI,
ASGN,3
ASH,5
ASIX,3
ASLE,2
ASLN,3
ASM,3
ASMB,3
ASML,3
ASND,2
ASNS,
ASO,4
ASPA,
ASPAU,
ASPI,
ASPN,3
ASPS,4
ASR,3
ASRT,4
ASRV,
ASST,
ASTC,
ASTE,1
ASTI,
ASTL,3
ASTLW,
ASTR,3
ASTS,3
ASTSW,
ASUR,3
ASX,4
ASXC,3
ASYS,3
ATAI,3
ATAK,
ATAKR,
ATAKU,
ATAKW,
ATAQ,
ATAT,4
ATCO,
ATCOL,
ATEC,3
ATEK,
ATEN,2
ATER,4
ATEX,3
ATGE,3
ATH,3
ATHA,3
ATHE,3
ATHM,3
ATHX,
ATI,3
ATIF,
ATIP,3
ATKR,3
ATLC,3
ATLCL,
ATLCP,
ATLO,
ATLX,3
ATMC,
ATMCR,
ATMCW,
ATMU,3
ATMV,
ATMVU,
ATNF,
ATNFW,
ATNI,3
ATNM,2
ATO,2
ATOM,
ATOS,
ATR,1
ATRA,4
ATRC,2
ATRI,
ATRO,3
ATS,3
ATSG,3
ATUS,3
ATVI,1
ATXG,
ATXI,
ATXS,3
AU,3
AUB,3
AUBN,
AUDC,3
AUGX,3
AUID,
AULT,
AUMN,2
AUPH,2
AUR,
AURA,3
AURC,
AURCU,
AURCW,
AUROW,
AUST,3
AUTL,4
AUUD,
AUUDW,
AUVI,
AUVIP,
AVA,4
AVAH,3
AVAL,4
AVAV,2
AVB,3
AVD,3
AVDL,3
AVDX,3
AVGO,3
AVGR,3
AVHI,
AVID,3
AVIR,3
AVK,
AVNS,3
AVNT,3
AVNW,3
AVO,3
AVPT,3
AVPTW,
AVRO,2
AVT,3
AVTA,3
AVTE,3
AVTR,5
AVTX,3
AVXL,3
AVY,3
AWF,
AWH,3
AWI,3
AWIN,
AWINW,
AWK,2
AWP,
AWR,3
AWRE,
AWX,
AX,3
AXDX,3
AXGN,3
AXL,3
AXLA,2
AXNX,3
AXON,4
AXP,3
AXR,
AXS,2
AXSM,2
AXTA,3
AXTI,3
AY,2
AYI,3
AYRO,
AYTU,3
AYX,3
AZ,
AZEK,2
AZN,3
AZO,3
AZPN,1
AZTA,4
AZTR,
AZUL,3
AZYO,2
AZZ,
B,3
BA,3
BABA,2
BAC,3
BACA,
BACK,
BAER,
BAERW,
BAFN,
BAH,2
BAK,3
BALL,3
BALY,4
BAM,3
BANC,3
BAND,3
BANF,3
BANFP,
BANL,
BANR,4
BANX,
BAOS,
BAP,3
BARK,
BASE,3
BATL,3
BATRA,3
BATRK,3
BAX,3
BB,1
BBAI,3
BBAR,
BBCP,3
BBD,4
BBDC,3
BBDO,
BBGI,2
BBIO,3
BBLG,
BBLGW,
BBN,
BBSI,4
BBU,5
BBUC,
BBVA,3
BBW,3
BBWI,2
BBY,3
BC,4
BCAB,4
BCAL,3
BCAN,
BCAT,
BCBP,5
BCC,1
BCDA,3
BCDAW,
BCE,3
BCEL,3
BCH,3
BCLI,
BCML,3
BCO,3
BCOV,4
BCOW,
BCPC,3
BCRX,3
BCS,3
BCSA,
BCSAU,
BCSAW,
BCSF,3
BCTX,
BCTXW,
BCV,
BCX,
BCYC,3
BDC,2
BDJ,
BDL,
BDN,2
BDRX,
BDSX,3
BDTX,3
BDX,3
BE,3
BEAM,3
BEAT,3
BEATW,
BECN,2
BEDU,
BEEM,3
BEEMW,
BEKE,1
BELFA,
BELFB,1
BEN,3
BENF,
BENFW,
BEP,3
BEPC,4
BEPH,
BEPI,
BERY,4
BEST,
BF,
BFAC,
BFAM,3
BFC,4
BFH,3
BFI,
BFIIW,
BFIN,5
BFK,
BFLY,2
BFRG,
BFRGW,
BFRI,4
BFRIW,
BFS,3
BFST,3
BFZ,
BG,2
BGB,
BGC,4
BGFV,
BGH,
BGI,
BGLC,
BGNE,3
BGR,
BGS,3
BGSF,3
BGT,
BGX,
BGXX,
BGY,
BH,
BHAC,
BHAT,
BHB,5
BHC,1
BHE,
BHF,3
BHFAL,
BHFAM,
BHFAN,
BHFAO,
BHFAP,
BHG,3
BHIL,3
BHK,
BHLB,4
BHM,
BHP,3
BHR,4
BHRB,
BHV,
BHVN,3
BIAF,
BIAFW,
BIDU,3
BIG,4
BIGC,2
BIGZ,
BIIB,3
BILI,3
BILL,2
BIMI,
BIO,5
BIOC,
BIOL,
BIOR,
BIOS,
BIOSU,
BIOSW,
BIOX,
BIP,2
BIPC,
BIPH,
BIPI,
BIRD,3
BIT,
BITE,
BITF,3
BIVI,3
BJ,3
BJDX,
BJRI,1
BK,3
BKCC,2
BKD,3
BKDT,
BKE,
BKH,3
BKI,4
BKKT,3
BKN,
BKNG,2
BKR,2
BKSC,
BKSY,3
BKT,
BKTI,
BKU,3
BKYI,
BL,3
BLAC,
BLACR,
BLACU,
BLACW,
BLBD,3
BLBX,
BLCO,3
BLD,1
BLDE,3
BLDEW,
BLDP,3
BLDR,1
BLE,
BLEU,
BLEUR,
BLEUW,
BLFS,4
BLFY,4
BLIN,3
BLK,3
BLKB,3
BLMN,3
BLND,3
BLNK,3
BLPH,
BLRX,
BLTE,3
BLUA,
BLUE,3
BLW,
BLX,
BLZE,3
BMA,3
BMAC,
BMBL,3
BME,
BMEA,3
BMEZ,
BMI,2
BML,
BMN,
BMO,3
BMR,
BMRA,
BMRC,5
BMRN,3
BMTX,3
BMY,3
BN,
BNED,
BNGO,3
BNGOW,
BNH,
BNIX,
BNIXR,
BNIXW,
BNJ,
BNL,4
BNMV,
BNOX,
BNR,
BNRE,
BNRG,
BNS,4
BNTC,
BNTX,3
BNY,
BOAC,
BOC,
BOCN,
BOCNW,
BODY,3
BOE,
BOF,
BOH,4
BOKF,5
BOLT,3
BON,3
BOOM,4
BOOT,1
BORR,
BOSC,
BOTJ,
BOWL,2
BOWNU,
BOX,3
BOXL,3
BP,5
BPMC,3
BPOP,2
BPOPM,
BPRN,3
BPT,
BPTH,3
BPTS,3
BPYPM,
BPYPN,
BPYPO,
BPYPP,
BQ,
BR,4
BRACR,
BRAG,3
BRBR,2
BRBS,
BRC,3
BRCC,3
BRD,
BRDG,4
BRDS,
BREA,
BREZ,
BREZR,
BREZW,
BRFH,3
BRFS,3
BRID,
BRK,
BRKH,
BRKHW,
BRKL,4
BRKR,3
BRLI,
BRLIR,
BRLIU,
BRLIW,
BRLT,3
BRN,
BRO,1
BROG,
BROGW,
BROS,3
BRP,3
BRQS,
BRSH,
BRSHW,
BRSP,3
BRT,3
BRTX,3
BRW,
BRX,3
BRY,3
BRZE,3
BSAC,3
BSAQ,
BSBK,
BSBR,3
BSET,4
BSFC,
BSGM,3
BSIG,4
BSL,
BSM,5
BSQR,
BSRR,1
BST,
BSTZ,
BSVN,1
BSX,3
BSY,3
BTA,
BTAI,
BTB,
BTBD,
BTBDW,
BTBT,4
BTCM,3
BTCS,3
BTCY,
BTDR,
BTE,3
BTG,3
BTI,3
BTM,
BTMD,3
BTMWW,
BTO,
BTOG,
BTT,
BTTR,3
BTTX,3
BTU,5
BTWN,
BTWNU,
BTWNW,
BTZ,
BUD,3
BUI,
BUJAU,
BUR,3
BURL,4
BURU,
BUSE,4
BV,3
BVFL,
BVH,3
BVN,4
BVS,3
BVXV,
BW,3
BWA,5
BWAQ,
BWAQR,
BWAY,3
BWB,5
BWBBP,
BWEN,3
BWFG,
BWG,
BWMN,2
BWMX,1
BWNB,
BWSN,
BWV,3
BWXT,2
BX,3
BXC,3
BXMT,2
BXMX,
BXP,3
BXRX,3
BXSL,2
BY,3
BYD,3
BYFC,
BYM,
BYN,
BYND,2
BYNO,
BYNOW,
BYRN,4
BYSI,3
BYTS,
BYTSU,
BZ,3
BZFD,3
BZFDW,
BZH,1
BZUN,3
C,3
CAAP,
CAAS,
CABA,3
CABO,3
CAC,3
CACC,5
CACI,2
CACO,
CADE,3
CADL,3
CAE,2
CAF,
CAG,3
CAH,3
CAKE,3
CAL,3
CALB,3
CALC,3
CALM,5
CALT,3
CALX,3
CAMP,4
CAMT,1
CAN,3
CANB,
CANF,3
CANG,
CANO,3
CAPL,4
CAPR,3
CAR,2
CARA,3
CARE,3
CARG,2
CARM,3
CARR,2
CARS,3
CARV,
CASA,3
CASH,3
CASI,3
CASS,5
CASY,3
CAT,1
CATC,3
CATO,
CATX,3
CATY,3
CAVA,3
CB,2
CBAN,5
CBAT,
CBAY,4
CBD,4
CBFV,5
CBH,
CBIO,3
CBL,
CBNK,3
CBRE,4
CBRG,
CBRGW,
CBRL,2
CBSH,3
CBT,3
CBU,3
CBUS,2
CBZ,4
CC,5
CCAI,
CCAIU,
CCAP,2
CCB,4
CCBG,3
CCCC,3
CCCS,3
CCD,
CCEL,
CCEP,2
CCF,
CCI,3
CCIF,
CCJ,5
CCK,4
CCL,2
CCLD,4
CCLDO,
CCLDP,
CCLP,
CCM,
CCNE,2
CCNEP,
CCO,2
CCOI,2
CCRD,3
CCRN,5
CCS,1
CCSI,3
CCTS,
CCU,3
CCV,
CCVI,
CCZ,
CD,3
CDAQ,
CDAQU,
CDAY,3
CDE,3
CDIO,3
CDIOW,
CDLX,
CDMO,4
CDNA,4
CDNS,3
CDR,4
CDRE,4
CDRO,3
CDTX,3
CDW,3
CDXC,3
CDXS,3
CDZI,3
CDZIP,
CE,3
CEAD,
CEADW,
CECO,3
CEE,
CEG,2
CEI,
CEIX,5
CELC,3
CELH,3
CELL,3
CELU,3
CELUW,
CELZ,3
CEM,
CEN,
CENN,
CENT,1
CENTA,1
CENX,4
CEPU,4
CEQP,2
CERE,3
CERS,3
CERT,4
CET,
CETU,
CETUR,
CETUU,
CETUW,
CETX,3
CETXP,
CETY,
CEV,
CEVA,3
CF,3
CFB,3
CFBK,4
CFFE,
CFFEU,
CFFEW,
CFFI,
CFFN,4
CFFS,
CFFSW,
CFG,5
CFIV,
CFIVW,
CFLT,3
CFMS,3
CFR,3
CFRX,
CFSB,
CG,3
CGA,
CGABL,
CGAU,3
CGBD,2
CGC,3
CGEM,3
CGEN,3
CGNT,
CGNX,3
CGO,
CGRN,3
CGTX,3
CHAA,
CHCI,
CHCO,3
CHCT,2
CHD,3
CHDN,4
CHE,3
CHEA,
CHEAU,
CHEAW,
CHEF,5
CHEK,3
CHGG,2
CHH,4
CHI,
CHK,3
CHKEL,
CHKEW,
CHKEZ,
CHKP,2
CHMG,3
CHMI,3
CHN,
CHNR,
CHPT,4
CHRD,3
CHRS,3
CHRW,3
CHS,3
CHSCL,
CHSCM,
CHSCN,
CHSCO,
CHSCP,
CHSN,
CHT,
CHTR,3
CHUY,2
CHW,
CHWY,4
CHX,3
CHY,
CI,3
CIA,
CIB,3
CIEN,5
CIF,
CIFR,3
CIFRW,
CIG,3
CIGI,3
CII,
CIK,
CIM,4
CINF,2
CING,
CINGW,
CINT,2
CIO,3
CION,
CIR,2
CISO,3
CISS,
CITE,
CITEU,
CITEW,
CIVB,4
CIVI,3
CIX,
CIZN,
CJET,
CJJD,
CKPT,
CKX,
CL,3
CLAR,3
CLAY,
CLAYW,
CLB,4
CLBK,4
CLBT,2
CLBTW,
CLCO,3
CLDT,4
CLDX,3
CLEU,
CLF,4
CLFD,3
CLGN,3
CLH,2
CLIN,
CLINR,
CLINU,
CLIR,3
CLLS,3
CLM,
CLMB,4
CLMT,3
CLNE,3
CLNN,3
CLNNW,
CLOE,
CLOEU,
CLOV,3
CLPR,2
CLPS,
CLPT,3
CLRB,3
CLRC,
CLRCR,
CLRCW,
CLRO,
CLS,1
CLSD,3
CLSK,3
CLST,
CLVR,
CLVRW,
CLVT,3
CLW,
CLWT,
CLX,3
CM,2
CMA,4
CMAX,3
CMAXW,
CMBM,3
CMC,3
CMCA,
CMCL,
CMCM,
CMCO,3
CMCSA,3
CMCT,3
CME,2
CMG,3
CMI,3
CMLS,3
CMMB,3
CMND,
CMP,3
CMPO,3
CMPOW,
CMPR,3
CMPS,3
CMPX,3
CMRA,
CMRE,3
CMRX,3
CMS,3
CMSA,
CMSC,
CMSD,
CMT,
CMTG,5
CMTL,3
CMU,
CNA,3
CNC,3
CNDA,3
CNDB,
CNDT,
CNET,
CNEY,
CNF,3
CNFR,4
CNFRL,
CNGL,
CNGLU,
CNHI,3
CNI,3
CNK,3
CNM,1
CNMD,3
CNNE,3
CNO,3
CNOB,5
CNOBP,
CNP,3
CNQ,3
CNS,
CNSL,
CNSP,
CNTA,3
CNTB,3
CNTG,2
CNTX,3
CNTY,5
CNVS,
CNX,3
CNXA,
CNXC,5
CNXN,3
COCO,3
COCP,
CODA,
CODI,3
CODX,3
COE,
COEP,
COEPW,
COF,3
COFS,
COGT,2
COHN,
COHR,3
COHU,3
COIN,2
COKE,
COLB,5
COLD,3
COLL,3
COLM,4
COMM,3
COMP,3
COMS,
COMSP,
COMSW,
CONN,4
CONX,
CONXU,
CONXW,
COO,2
COOK,3
COOL,
COOP,1
COP,3
CORR,
CORT,2
COSM,
COST,3
COTY,2
COUR,2
COYA,3
CP,5
CPA,3
CPAA,
CPAAU,
CPAAW,
CPAC,
CPB,4
CPE,3
CPF,3
CPG,3
CPHC,
CPHI,
CPIX,
CPK,4
CPLP,5
CPNG,4
CPOP,
CPRI,4
CPRT,2
CPRX,3
CPS,
CPSH,
CPSI,3
CPSS,
CPT,3
CPTK,
CPTN,3
CPTNW,
CPZ,
CQP,3
CR,1
CRAI,2
CRBG,2
CRBP,3
CRBU,2
CRC,3
CRCT,3
CRD,
CRDF,3
CRDL,3
CRDO,3
CREG,
CRESW,
CRESY,
CREX,3
CRF,
CRGE,3
CRGO,
CRGOW,
CRGY,3
CRH,3
CRI,3
CRIS,3
CRK,5
CRKN,3
CRL,3
CRM,2
CRMD,3
CRMT,2
CRNC,2
CRNT,
CRNX,3
CRON,3
CROX,2
CRS,1
CRSP,3
CRSR,2
CRT,
CRTO,5
CRUS,2
CRVL,
CRVS,3
CRWD,2
CRWS,
CSAN,4
CSBR,3
CSCO,2
CSGP,3
CSGS,3
CSIQ,2
CSL,3
CSLM,
CSLMR,
CSLMU,
CSLR,
CSLRW,
CSPI,
CSQ,
CSR,2
CSSE,3
CSSEL,
CSSEN,
CSSEP,
CSTA,
CSTE,3
CSTL,3
CSTM,3
CSTR,5
CSV,4
CSWC,3
CSWCZ,
CSWI,
CSX,3
CTA,
CTAS,3
CTBB,
CTBI,3
CTCX,
CTCXW,
CTDD,
CTG,3
CTGO,3
CTHR,
CTIB,
CTKB,5
CTLP,3
CTLT,3
CTM,
CTMX,2
CTNT,
CTO,3
CTOS,3
CTR,
CTRA,4
CTRE,3
CTRM,
CTRN,
CTS,4
CTSH,3
CTSO,
CTV,3
CTVA,4
CTXR,2
CUBA,
CUBB,
CUBE,3
CUBI,3
CUE,3
CUEN,
CUENW,
CUK,
CULL,
CULP,4
CURI,3
CURIW,
CURO,3
CURV,4
CUTR,4
CUZ,3
CVAC,3
CVBF,3
CVCO,5
CVCY,3
CVE,3
CVEO,3
CVGI,1
CVGW,5
CVI,1
CVII,
CVKD,
CVLG,1
CVLT,2
CVLY,3
CVM,
CVNA,2
CVR,
CVRX,3
CVS,3
CVU,
CVV,
CVX,3
CW,2
CWAN,2
CWBC,4
CWBR,
CWCO,2
CWD,
CWEN,5
CWH,3
CWK,5
CWST,3
CWT,2
CX,2
CXAC,
CXAI,
CXAIW,
CXDO,3
CXE,
CXH,
CXM,2
CXT,3
CXW,
CYAN,
CYBN,3
CYBR,2
CYCC,3
CYCCP,
CYCN,
CYD,
CYH,3
CYN,3
CYRX,4
CYT,2
CYTH,
CYTHW,
CYTK,3
CYTO,
CZFS,4
CZNC,4
CZOO,3
CZR,3
CZWI,4
D,4
DAC,4
DADA,4
DAIO,
DAKT,
DAL,2
DALN,
DAN,2
DAO,
DAR,3
DARE,4
DASH,3
DATS,
DATSW,
DAVA,4
DAVE,4
DAVEW,
DAWN,3
DB,3
DBGI,
DBGIW,
DBI,4
DBL,
DBRG,3
DBTX,3
DBVT,4
DBX,3
DC,
DCBO,3
DCF,
DCFC,4
DCFCW,
DCGO,4
DCI,3
DCO,3
DCOM,3
DCOMP,
DCP,3
DCPH,2
DCTH,3
DD,3
DDD,3
DDI,3
DDL,3
DDOG,3
DDS,3
DDT,
DE,3
DEA,3
DECA,
DECAU,
DECAW,
DECK,3
DEI,4
DELL,4
DEN,4
DENN,3
DEO,3
DERM,3
DESP,3
DFFN,
DFH,3
DFIN,5
DFLI,4
DFLIW,
DFP,
DFS,3
DG,4
DGHI,
DGICA,
DGICB,
DGII,3
DGLY,
DGX,4
DH,3
DHAC,
DHACU,
DHACW,
DHC,3
DHCA,
DHCAU,
DHCAW,
DHCNI,
DHCNL,
DHF,
DHI,2
DHIL,
DHR,5
DHT,2
DHX,3
DHY,
DIAX,
DIBS,3
DICE,3
DIN,3
DINO,3
DIOD,3
DIS,3
DISA,
DISAW,
DISH,5
DISTR,
DISTW,
DIT,
DJCO,
DK,4
DKDCA,
DKDCW,
DKL,5
DKNG,2
DKS,4
DLA,4
DLB,2
DLHC,4
DLNG,4
DLO,3
DLPN,
DLR,3
DLTH,3
DLTR,3
DLX,3
DLY,
DM,3
DMA,
DMAC,2
DMAQ,
DMAQR,
DMB,
DMF,
DMLP,
DMO,
DMRC,
DMS,
DMTK,2
DMYY,
DNA,4
DNB,3
DNLI,4
DNMR,3
DNN,3
DNOW,4
DNP,
DNUT,4
DO,
DOC,3
DOCN,3
DOCS,3
DOCU,3
DOGZ,
DOLE,3
DOMA,
DOMH,
DOMO,3
DOOO,2
DOOR,3
DORM,3
DOUG,3
DOV,3
DOW,5
DOX,4
DOYU,1
DPCS,
DPCSW,
DPG,
DPRO,3
DPSI,3
DPZ,1
DQ,5
DRCT,4
DRCTW,
DRD,
DRH,4
DRI,3
DRIO,
DRMA,3
DRMAW,
DRQ,3
DRRX,3
DRS,2
DRTS,3
DRTSW,
DRTT,
DRUG,
DRVN,5
DSAQ,
DSGN,3
DSGR,3
DSGX,3
DSKE,5
DSL,
DSM,
DSP,3
DSS,
DSU,
DSWL,
DSX,4
DT,2
DTB,
DTC,3
DTE,3
DTF,
DTG,
DTI,
DTIL,2
DTM,3
DTOC,
DTOCW,
DTSS,
DTST,
DTSTW,
DTW,
DUET,
DUK,3
DUKB,
DUNE,
DUNEU,
DUO,
DUOL,3
DUOT,3
DV,3
DVA,2
DVAX,2
DVN,3
DWAC,
DWACU,
DWACW,
DWSN,
DX,
DXC,5
DXCM,2
DXF,
DXLG,
DXPE,3
DXR,
DXYN,
DY,3
DYAI,
DYN,3
DYNT,3
DZSI,3
E,4
EA,3
EAC,
EACPW,
EAD,
EAF,3
EAI,
EAR,3
EARN,3
EAST,3
EAT,3
EB,2
EBAY,3
EBC,4
EBET,
EBF,
EBIX,
EBMT,5
EBON,
EBR,4
EBS,3
EBTC,
EC,3
ECAT,
ECBK,
ECC,3
ECCC,
ECCV,
ECCW,
ECCX,
ECF,
ECL,3
ECOR,
ECPG,5
ECVT,2
ECX,2
ECXWW,
ED,2
EDAP,3
EDBL,
EDBLW,
EDD,
EDF,
EDI,
EDIT,3
EDN,4
EDR,3
EDRY,3
EDSA,
EDTK,
EDU,1
EDUC,
EE,1
EEA,
EEFT,3
EEIQ,
EEX,
EFC,3
EFHT,
EFHTR,
EFHTW,
EFOI,3
EFR,
EFSC,3
EFSCP,
EFSH,
EFT,
EFTR,3
EFTRW,
EFX,3
EFXT,3
EG,2
EGAN,3
EGBN,4
EGF,
EGGF,
EGHT,3
EGIO,4
EGLE,3
EGLX,3
EGO,3
EGP,3
EGRX,2
EGY,4
EH,
EHAB,4
EHC,2
EHI,
EHTH,3
EIC,
EICA,
EICB,
EIG,2
EIGR,3
EIM,
EIX,3
EJH,
EKSO,4
EL,5
ELA,4
ELAN,3
ELBM,3
ELC,
ELDN,3
ELEV,3
ELF,2
ELIQ,
ELLO,
ELMD,
ELME,3
ELOX,3
ELP,2
ELS,3
ELSE,
ELTK,
ELTX,4
ELV,3
ELVA,
ELVN,3
ELWS,
ELYM,
ELYS,3
EM,
EMAN,3
EMBC,3
EMCG,
EMCGR,
EMCGU,
EMD,
EME,1
EMF,
EMKR,3
EML,
EMLD,
EMLDU,
EMLDW,
EMN,3
EMO,
EMP,
EMR,2
EMX,2
ENB,3
ENCP,
ENER,
ENERR,
ENERW,
ENFN,3
ENG,
ENIC,
ENJ,
ENLC,3
ENLT,2
ENLV,3
ENO,
ENOV,3
ENPH,3
ENR,2
ENS,3
ENSC,
ENSG,2
ENSV,
ENTA,5
ENTG,2
ENTX,3
ENV,2
ENVA,3
ENVB,
ENVX,3
ENX,
ENZ,
EOD,
EOG,3
EOI,
EOLS,4
EOS,
EOSE,3
EOSEW,
EOT,
EP,
EPAC,
EPAM,3
EPC,3
EPD,3
EPIX,
EPM,2
EPOW,
EPR,3
EPRT,2
EPSN,
EQ,3
EQBK,2
EQC,3
EQH,3
EQIX,3
EQNR,3
EQR,2
EQRX,2
EQRXW,
EQS,
EQT,3
EQX,3
ERAS,3
ERC,
ERF,1
ERH,
ERIC,3
ERIE,1
ERII,4
ERJ,3
ERNA,
ERO,3
ES,3
ESAB,2
ESAC,
ESACU,
ESCA,
ESE,3
ESEA,3
ESGL,
ESGLW,
ESGR,
ESGRO,
ESGRP,
ESHA,
ESHAR,
ESI,4
ESLT,3
ESMT,4
ESNT,3
ESOA,
ESP,
ESPR,2
ESQ,3
ESRT,2
ESS,3
ESSA,4
ESTA,3
ESTC,3
ESTE,5
ET,3
ETAO,
ETB,
ETD,1
ETG,
ETI,
ETJ,
ETN,1
ETNB,3
ETO,
ETON,3
ETR,2
ETRN,3
ETSY,3
ETV,
ETW,
ETWO,3
ETX,
ETY,
EU,
EUDA,
EUDAW,
EURN,3
EVA,3
EVAX,3
EVBG,3
EVBN,2
EVC,3
EVCM,3
EVE,
EVER,3
EVEX,3
EVF,
EVG,
EVGN,2
EVGO,3
EVGOW,
EVGR,
EVGRU,
EVGRW,
EVH,3
EVI,
EVLO,2
EVLV,3
EVLVW,
EVM,
EVN,
EVO,2
EVOK,
EVR,3
EVRG,3
EVRI,2
EVT,
EVTC,3
EVTL,3
EVTV,
EVV,
EW,3
EWBC,4
EWCZ,3
EWTX,3
EXAI,4
EXAS,3
EXC,3
EXEL,2
EXFY,4
EXG,
EXK,2
EXLS,2
EXP,3
EXPD,3
EXPE,3
EXPI,4
EXPO,4
EXPR,3
EXR,3
EXTR,1
EYE,3
EYEN,3
EYPT,3
EZFL,
EZGO,
EZPW,3
F,2
FA,4
FAF,3
FAM,
FAMI,
FANG,3
FANH,
FARM,4
FARO,
FAST,3
FAT,3
FATBB,
FATBP,
FATBW,
FATE,3
FATH,
FATP,
FATPW,
FAX,
FAZE,
FAZEW,
FBIN,1
FBIO,2
FBIOP,
FBIZ,1
FBK,3
FBMS,3
FBNC,4
FBP,3
FBRT,1
FBRX,3
FC,1
FCAP,
FCBC,2
FCCO,3
FCEL,3
FCF,3
FCFS,2
FCN,4
FCNCA,3
FCNCO,
FCNCP,
FCO,
FCPT,3
FCRX,
FCT,
FCUV,
FCX,3
FDBC,
FDEU,
FDMT,2
FDP,
FDUS,1
FDX,3
FE,3
FEAM,3
FEDU,
FEI,
FEIM,
FELE,4
FEMY,2
FEN,
FENC,3
FENG,
FERG,3
FET,
FEXD,
FEXDR,
FEXDU,
FF,
FFA,
FFBC,3
FFC,
FFIC,3
FFIE,
FFIEW,
FFIN,3
FFIV,3
FFNW,4
FFWM,3
FG,3
FGB,
FGBI,5
FGBIP,
FGEN,2
FGF,
FGFPP,
FGH,
FGI,4
FGIWW,
FGMC,
FGMCW,
FHB,5
FHI,3
FHLT,
FHLTW,
FHN,3
FHTX,3
FI,3
FIAC,
FIACU,
FIACW,
FIBK,4
FICO,3
FICV,
FICVW,
FIF,
FIGS,2
FIHL,3
FINS,
FINV,
FINW,3
FIP,
FIS,3
FISI,2
FITB,4
FITBI,
FITBO,
FITBP,
FIVE,3
FIVN,3
FIX,1
FIXX,3
FIZZ,
FKWL,
FL,2
FLAG,
FLC,
FLEX,2
FLFV,
FLGC,
FLGT,3
FLIC,4
FLJ,
FLL,5
FLME,
FLNC,3
FLNG,4
FLNT,3
FLO,3
FLR,3
FLS,2
FLT,3
FLUX,3
FLWS,3
FLXS,3
FLYW,4
FMAO,4
FMBH,3
FMC,5
FMN,
FMNB,4
FMS,2
FMX,1
FMY,
FN,3
FNA,4
FNB,4
FNCB,
FNCH,2
FND,3
FNF,3
FNGR,
FNKO,4
FNLC,
FNV,3
FNVT,
FNVTU,
FNWB,4
FNWD,5
FOA,5
FOCS,3
FOF,
FOLD,2
FONR,
FOR,1
FORA,
FORD,
FORG,4
FORL,
FORLU,
FORLW,
FORM,3
FORR,4
FORTY,
FOSL,
FOSLL,
FOUR,3
FOX,
FOXA,3
FOXF,4
FOXO,
FPAY,3
FPF,
FPH,
FPI,4
FPL,
FR,3
FRA,
FRAF,
FRBA,4
FRBK,4
FRBN,
FRBNU,
FRBNW,
FRD,
FREE,3
FREEW,
FREQ,3
FRES,
FREY,3
FRG,3
FRGAP,
FRGE,3
FRGI,
FRGT,
FRHC,
FRLA,
FRLAW,
FRLN,3
FRME,4
FRMEP,
FRO,3
FROG,3
FRPH,
FRPT,3
FRSH,2
FRST,5
FRSX,
FRT,3
FRTX,
FRXB,
FRZA,
FSBC,5
FSBW,4
FSCO,
FSD,
FSEA,
FSFG,5
FSI,3
FSK,3
FSLR,2
FSLY,3
FSM,3
FSNB,
FSP,4
FSR,3
FSRX,
FSRXW,
FSS,2
FSTR,3
FSV,3
FT,
FTAI,1
FTAIM,
FTAIN,
FTAIO,
FTAIP,
FTCH,3
FTCI,4
FTDR,1
FTEK,3
FTEL,
FTF,
FTFT,
FTHM,3
FTHY,
FTI,3
FTII,
FTIIU,
FTIIW,
FTK,
FTNT,3
FTRE,3
FTS,3
FTV,2
FUBO,3
FUL,4
FULC,3
FULT,3
FULTP,
FUN,5
FUNC,3
FUND,
FURY,3
FUSB,
FUSN,3
FUTU,3
FUV,3
FVCB,3
FVRR,3
FWAC,
FWBI,3
FWONA,
FWONK,3
FWRD,5
FWRG,2
FXCO,
FXCOR,
FXCOW,
FXLV,3
FXNC,5
FYBR,3
FZT,
G,2
GAB,
GABC,2
GAIA,
GAIN,3
GAINL,
GAINN,
GAINZ,
GALT,3
GAM,
GAMB,3
GAMC,
GAMCU,
GAMCW,
GAME,
GAN,3
GANX,2
GAQ,
GASS,
GATE,
GATO,
GATX,2
GAU,2
GB,
GBAB,
GBBK,
GBBKR,
GBCI,5
GBDC,3
GBIO,3
GBLI,
GBNH,3
GBNY,
GBR,
GBTG,3
GBX,1
GCBC,
GCI,
GCMG,4
GCMGW,
GCO,2
GCT,3
GCTK,
GCV,
GD,3
GDC,
GDDY,3
GDEN,4
GDEV,
GDEVW,
GDHG,
GDL,
GDNR,
GDO,
GDOT,3
GDRX,3
GDS,2
GDST,
GDSTU,
GDSTW,
GDTC,
GDV,
GDYN,4
GE,1
GECC,1
GECCM,
GECCN,
GECCO,
GEF,3
GEG,
GEGGL,
GEHC,2
GEHI,
GEL,
GEN,3
GENC,
GENE,
GENI,3
GENK,
GEO,3
GEOS,
GERN,3
GES,3
GETR,3
GETY,3
GEVO,3
GF,
GFAI,
GFAIW,
GFF,2
GFGD,
GFGDR,
GFGDW,
GFI,3
GFL,3
GFOR,
GFS,2
GFX,
GGAL,4
GGB,2
GGE,
GGG,3
GGN,
GGR,
GGROW,
GGT,
GGZ,
GH,2
GHC,
GHG,
GHI,4
GHIX,
GHIXW,
GHL,
GHLD,3
GHM,4
GHRS,3
GHSI,
GHY,
GIA,
GIB,2
GIC,1
GIFI,
GIGM,
GIII,2
GIL,5
GILD,3
GILT,
GIM,
GIPR,
GIPRW,
GIS,3
GJH,
GJO,
GJP,
GJR,
GJS,
GJT,
GKOS,3
GL,2
GLAD,1
GLBE,3
GLBS,
GLBZ,
GLDD,4
GLDG,4
GLG,
GLLI,
GLLIW,
GLMD,
GLNG,4
GLO,
GLOB,4
GLOG,3
GLOP,3
GLP,2
GLPG,3
GLPI,3
GLQ,
GLRE,
GLSI,3
GLST,
GLSTW,
GLT,
GLTO,2
GLU,
GLUE,3
GLV,
GLW,3
GLYC,2
GM,2
GMAB,3
GMBL,3
GMBLP,
GMBLW,
GMBLZ,
GMDA,3
GME,2
GMED,3
GMFI,
GMFIW,
GMGI,
GMRE,4
GMS,1
GMVD,
GMVDW,
GNE,
GNFT,4
GNK,3
GNL,3
GNLN,
GNLX,3
GNPX,3
GNRC,3
GNS,
GNSS,3
GNT,
GNTA,3
GNTX,2
GNTY,3
GNW,
GO,3
GOCO,3
GODN,
GODNU,
GOEV,3
GOEVW,
GOF,
GOGL,4
GOGO,4
GOL,3
GOLD,3
GOLF,3
GOOD,3
GOODN,
GOODO,
GOOG,2
GOOGL,2
GOOS,2
GORO,4
GOSS,2
GOTU,
GOVX,3
GOVXW,
GP,4
GPAC,
GPACU,
GPACW,
GPC,2
GPCR,4
GPI,2
GPJA,
GPK,4
GPMT,3
GPN,3
GPOR,3
GPP,
GPRE,3
GPRK,3
GPRO,4
GPS,1
GRAB,3
GRABW,
GRBK,3
GRC,
GRCL,3
GREE,
GREEL,
GRF,
GRFS,3
GRFX,
GRI,
GRIN,
GRMN,4
GRND,
GRNQ,
GRNT,4
GROM,
GROMW,
GROV,
GROW,
GROY,3
GRPH,3
GRPN,4
GRRR,3
GRRRW,
GRTS,3
GRTX,4
GRVY,
GRWG,2
GRX,
GS,3
GSAT,3
GSBC,5
GSBD,1
GSD,
GSDWW,
GSHD,3
GSIT,
GSK,2
GSL,3
GSM,3
GSMG,
GSMGW,
GSUN,
GT,5
GTACU,
GTBP,3
GTE,
GTEC,3
GTES,3
GTH,
GTHX,2
GTIM,
GTLB,3
GTLS,3
GTN,3
GTX,5
GTY,1
GUG,
GURE,
GUT,
GVA,3
GVP,3
GWAV,
GWH,3
GWRE,2
GWRS,3
GWW,3
GXO,2
GYRO,
H,3
HA,3
HAE,2
HAFC,3
HAIA,
HAIAW,
HAIN,4
HAL,3
HALL,
HALO,3
HARP,3
HAS,3
HASI,3
HAYN,3
HAYW,4
HBAN,3
HBANL,
HBANM,
HBANP,
HBB,
HBCP,5
HBI,3
HBIO,3
HBM,4
HBNC,4
HBT,4
HCA,2
HCAT,3
HCC,3
HCCI,3
HCDI,
HCDIP,
HCDIW,
HCDIZ,
HCI,3
HCKT,3
HCM,3
HCMAW,
HCP,3
HCSG,4
HCTI,
HCVI,
HCVIU,
HCVIW,
HCWB,
HCXY,
HD,3
HDB,5
HDSN,5
HE,5
HEAR,2
HEES,2
HEI,3
HELE,2
HEP,4
HEPA,3
HEPS,
HEQ,
HES,3
HESM,3
HFBL,
HFFG,
HFRO,
HFWA,4
HGBL,
HGLB,
HGTY,3
HGV,5
HHC,3
HHGC,
HHGCR,
HHGCU,
HHGCW,
HHLA,
HHRS,
HHRSW,
HHS,3
HI,2
HIBB,3
HIE,
HIFS,
HIG,3
HIHO,
HII,3
HILS,3
HIMS,3
HIMX,
HIO,
HIPO,4
HITI,2
HIVE,3
HIW,3
HIX,
HKD,
HKIT,
HL,3
HLF,3
HLGN,
HLI,3
HLIO,3
HLIT,4
HLLY,1
HLMN,3
HLN,4
HLNE,1
HLP,
HLT,3
HLTH,3
HLVX,3
HLX,1
HMAC,
HMACR,
HMACU,
HMACW,
HMC,2
HMN,5
HMNF,
HMST,4
HMY,3
HNI,3
HNNA,
HNNAZ,
HNRA,
HNRG,
HNST,2
HNVR,5
HNW,
HOFT,
HOFV,
HOFVW,
HOG,3
HOLI,
HOLO,
HOLOW,
HOLX,3
HOMB,4
HON,3
HONE,4
HOOD,2
HOOK,3
HOPE,4
HOTH,
HOUR,
HOUS,3
HOV,
HOVNP,
HOWL,3
HP,3
HPCO,
HPE,2
HPF,
HPI,
HPK,5
HPKEW,
HPLT,
HPLTU,
HPLTW,
HPP,4
HPQ,3
HPS,
HQH,
HQI,3
HQL,
HQY,2
HR,4
HRB,3
HRI,3
HRL,3
HRMY,3
HROW,3
HROWL,
HROWM,
HRT,
HRTG,3
HRTX,3
HRYU,
HRZN,2
HSAI,3
HSBC,3
HSCS,
HSDT,3
HSHP,
HSIC,3
HSII,1
HSON,3
HSPOU,
HSPOW,
HST,3
HSTM,3
HSTO,
HSY,3
HT,4
HTBI,5
HTBK,4
HTCR,
HTD,
HTFB,
HTFC,
HTGC,3
HTH,5
HTHT,3
HTIA,
HTIBP,
HTLD,4
HTLF,5
HTLFP,
HTOO,3
HTOOW,
HTY,
HTZ,4
HTZWW,
HUBB,1
HUBC,
HUBCW,
HUBCZ,
HUBG,4
HUBS,3
HUDAR,
HUDI,
HUGE,
HUIZ,
HUM,3
HUMA,3
HUMAW,
HUN,5
HURC,
HURN,1
HUSA,
HUT,3
HUYA,3
HVT,4
HWBK,
HWC,4
HWCPZ,
HWEL,
HWELU,
HWKN,3
HWM,3
HXL,2
HY,
HYB,
HYFM,4
HYI,
HYLN,2
HYMC,
HYMCL,
HYMCW,
HYPR,3
HYT,
HYW,
HYZN,3
HYZNW,
HZNP,3
HZO,3
I,4
IAC,3
IAE,
IAF,
IAG,3
IART,3
IAS,3
IAUX,3
IBCP,3
IBEX,3
IBIO,
IBKR,3
IBM,3
IBN,2
IBOC,
IBP,1
IBRX,3
IBTX,5
ICAD,
ICCC,
ICCH,
ICCM,3
ICD,4
ICE,2
ICFI,2
ICG,
ICHR,3
ICL,4
ICLK,
ICLR,2
ICMB,3
ICNC,
ICPT,3
ICR,
ICU,
ICUCW,
ICUI,3
ICVX,3
ID,
IDA,3
IDAI,
IDBA,
IDCC,3
IDE,
IDEX,
IDN,3
IDR,3
IDT,
IDXX,3
IDYA,3
IE,3
IEP,3
IESC,
IEX,3
IFBD,
IFF,4
IFIN,
IFN,
IFRX,3
IFS,3
IGA,
IGC,
IGD,
IGI,
IGIC,
IGICW,
IGMS,3
IGR,
IGT,2
IGTA,
IGTAR,
IGTAW,
IH,
IHD,
IHG,2
IHIT,
IHRT,3
IHS,4
IHT,
IHTA,
IIF,
III,3
IIIN,
IIIV,3
IIM,
IINN,3
IIPR,3
IKNA,3
IKT,3
ILAG,
ILLM,3
ILMN,3
ILPT,3
IMAB,3
IMACW,
IMAQ,
IMAQR,
IMAQU,
IMAQW,
IMAX,3
IMCC,3
IMCR,3
IMGN,3
IMKTA,
IMMP,3
IMMR,3
IMMX,2
IMNM,3
IMNN,
IMO,3
IMOS,
IMPL,3
IMPP,
IMPPP,
IMRN,
IMRX,2
IMTE,
IMTX,3
IMTXW,
IMUX,3
IMVT,4
IMXI,3
INAB,3
INAQ,
INAQW,
INBK,1
INBKZ,
INBS,
INBX,3
INCR,
INCY,3
INDB,3
INDI,3
INDIW,
INDO,3
INDP,3
INDV,2
INFA,5
INFI,
INFN,4
INFU,
INFY,4
ING,1
INGN,4
INGR,2
INKT,3
INLX,3
INM,
INMB,
INMD,2
INN,5
INNV,3
INO,3
INOD,
INPX,
INSE,4
INSG,3
INSI,
INSM,4
INSP,3
INST,3
INSW,3
INTA,3
INTC,3
INTE,
INTEW,
INTG,
INTR,2
INTS,
INTT,3
INTU,3
INTZ,3
INUV,
INVA,
INVE,2
INVH,2
INVO,
INVZ,4
INVZW,
INZY,3
IOACW,
IOBT,3
IONM,3
IONQ,3
IONR,
IONS,3
IOR,
IOSP,4
IOT,3
IOVA,3
IP,3
IPA,4
IPAR,2
IPDN,
IPG,3
IPGP,3
IPHA,3
IPI,3
IPSC,3
IPVF,
IPW,3
IPWR,
IPX,
IPXX,
IPXXU,
IPXXW,
IQ,4
IQI,
IQV,4
IR,1
IRAA,
IRAAW,
IRBT,3
IRDM,5
IREN,3
IRIX,3
IRM,2
IRMD,3
IRON,2
IROQ,
IRRX,
IRS,
IRT,4
IRTC,3
IRWD,4
ISD,
ISDR,3
ISPC,
ISPO,3
ISPOW,
ISPR,
ISRG,2
ISRL,
ISRLU,
ISRLW,
ISSC,
ISTR,3
ISUN,3
IT,3
ITAQ,
ITAQW,
ITCI,3
ITCL,2
ITGR,2
ITI,4
ITIC,
ITOS,3
ITP,
ITRG,2
ITRI,2
ITRM,3
ITRN,
ITT,2
ITUB,3
ITW,3
IVA,4
IVAC,3
IVCA,
IVCAU,
IVCAW,
IVCB,
IVCBW,
IVCP,
IVCPW,
IVDA,
IVDAW,
IVR,2
IVT,3
IVVD,2
IVZ,4
IX,4
IXAQU,
IXAQW,
IXHL,3
IZEA,3
IZM,
J,3
JACK,2
JAGX,3
JAKK,1
JAMF,3
JAN,
JANX,2
JAQC,
JAQCU,
JAQCW,
JAZZ,2
JBGS,
JBHT,4
JBI,3
JBK,
JBL,2
JBLU,4
JBSS,
JBT,5
JCE,
JCI,3
JCSE,
JCTCF,
JD,2
JEF,3
JELD,4
JEQ,
JEWL,
JFBR,
JFBRW,
JFIN,
JFR,
JFU,
JG,
JGGC,
JGGCR,
JGGCW,
JGH,
JHAA,
JHG,3
JHI,
JHS,
JHX,1
JILL,3
JJSF,1
JKHY,2
JKS,3
JLL,5
JLS,
JMIA,3
JMM,
JMSB,
JNJ,2
JNPR,3
JNVR,
JOAN,3
JOB,3
JOBY,4
JOE,
JOF,
JOUT,5
JPC,
JPI,
JPM,2
JPS,
JPT,
JQC,
JRI,
JRS,
JRSH,
JRVR,3
JSM,
JSPR,3
JSPRW,
JT,
JUN,
JUPW,
JUPWW,
JVA,
JWEL,
JWN,3
JWSM,
JXJT,
JXN,3
JYD,
JYNT,3
JZ,
JZXN,
K,3
KA,
KACL,
KACLR,
KACLW,
KAI,2
KALA,2
KALU,4
KALV,3
KAMN,3
KAR,2
KARO,3
KAVL,
KB,2
KBH,1
KBNT,
KBNTW,
KBR,3
KC,3
KCGI,
KD,3
KDNY,2
KDP,3
KE,3
KELYA,4
KELYB,
KEN,
KEP,
KEQU,
KERN,3
KERNW,
KEX,2
KEY,5
KEYS,2
KF,
KFFB,
KFRC,5
KFS,
KFY,4
KGC,3
KGS,3
KHC,3
KIDS,3
KIM,3
KIND,3
KINS,3
KIO,
KIQ,
KIRK,
KITT,4
KITTW,
KKR,3
KKRS,
KLAC,2
KLIC,2
KLR,3
KLTR,3
KLXE,5
KMB,2
KMDA,
KMF,
KMI,3
KMPB,
KMPR,3
KMT,4
KMX,2
KN,
KNDI,
KNF,3
KNOP,3
KNSA,3
KNSL,1
KNSW,
KNTE,3
KNTK,3
KNW,
KNX,5
KO,3
KOD,3
KODK,
KOF,1
KOP,4
KOPN,3
KORE,2
KOS,4
KOSS,
KPLT,
KPLTW,
KPRX,
KPTI,3
KR,3
KRBP,
KRC,4
KREF,3
KRG,2
KRKR,
KRMD,2
KRNL,
KRNLU,
KRNLW,
KRNT,3
KRNY,
KRO,4
KRON,3
KROS,3
KRP,3
KRT,3
KRTX,3
KRUS,1
KRYS,3
KSCP,
KSM,
KSS,3
KT,4
KTB,5
KTCC,
KTF,
KTH,
KTN,
KTOS,1
KTRA,3
KTTA,
KUKE,
KULR,3
KURA,3
KVACU,
KVHI,
KVSA,
KVUE,2
KW,
KWE,3
KWESW,
KWR,3
KXIN,
KYCH,
KYCHR,
KYCHW,
KYMR,3
KYN,
KZIA,3
KZR,3
L,
LAB,
LABP,3
LAC,3
LAD,2
LADR,3
LAES,
LAKE,2
LAMR,3
LANC,3
LAND,3
LANDM,
LANDO,
LANDP,
LANV,
LARK,
LASE,
LASR,3
LATG,
LAUR,2
LAW,4
LAZ,3
LAZR,3
LAZY,3
LBAI,5
LBBBW,
LBC,
LBPH,2
LBRDA,
LBRDK,4
LBRDP,
LBRT,4
LBTYA,3
LBTYB,
LBTYK,
LC,3
LCA,
LCAA,
LCAAW,
LCAHU,
LCAHW,
LCFY,
LCFYW,
LCID,2
LCII,4
LCNB,1
LCTX,2
LCUT,3
LCW,
LDI,4
LDOS,3
LDP,
LDWY,
LE,3
LEA,3
LECO,3
LEDS,
LEE,
LEG,3
LEGH,3
LEGN,2
LEJU,
LEN,1
LEO,
LESL,5
LEU,1
LEV,3
LEVI,3
LEXX,
LEXXW,
LFAC,
LFACW,
LFCR,2
LFLY,3
LFLYW,
LFMD,3
LFMDP,
LFST,4
LFT,3
LFUS,4
LFVN,
LGHL,
LGHLW,
LGI,
LGIH,1
LGL,4
LGMK,
LGND,4
LGO,2
LGSTW,
LGVC,
LGVCW,
LGVN,
LH,5
LHC,
LHX,3
LI,3
LIAN,3
LIBY,
LIBYW,
LICN,
LICY,3
LIDR,
LIDRW,
LIFE,3
LIFW,
LIFWW,
LIFWZ,
LII,2
LILA,3
LILAK,
LILM,3
LILMW,
LIN,3
LINC,2
LIND,4
LINK,
LIPO,
LIQT,
LITB,
LITE,4
LITM,
LIVB,
LIVBU,
LIVBW,
LIVE,3
LIVN,3
LIXT,
LIXTW,
LIZI,
LKCO,
LKFN,5
LKQ,3
LL,
LLAP,3
LLY,3
LLYVA,
LLYVK,
LMAT,1
LMB,1
LMDX,3
LMDXW,
LMFA,
LMND,2
LMNL,3
LMNR,3
LMT,3
LNC,3
LND,
LNG,3
LNKB,3
LNN,3
LNSR,
LNT,3
LNTH,3
LNW,2
LNZA,3
LNZAW,
LOAN,
LOB,1
LOCC,
LOCL,3
LOCO,2
LODE,2
LOGI,3
LOMA,3
LOOP,3
LOPE,3
LOV,
LOVE,3
LOW,3
LPCN,
LPG,3
LPL,4
LPLA,3
LPRO,3
LPSN,3
LPTH,3
LPTV,2
LPTX,5
LPX,2
LQDA,3
LQDT,
LRCX,1
LRFC,3
LRMR,3
LRN,3
LSAK,
LSBK,
LSCC,4
LSDI,
LSEA,1
LSEAW,
LSF,3
LSPD,3
LSTA,3
LSTR,4
LSXMA,3
LSXMB,
LSXMK,3
LTBR,
LTC,4
LTCH,3
LTCHW,
LTH,3
LTHM,2
LTRN,
LTRPA,
LTRPB,
LTRX,3
LTRY,
LTRYW,
LU,4
LUCD,3
LUCY,
LUCYW,
LULU,2
LUMN,3
LUMO,4
LUNA,3
LUNG,3
LUNR,3
LUNRW,
LUV,4
LUXH,
LVLU,5
LVO,2
LVOX,3
LVOXW,
LVRO,
LVROW,
LVS,3
LVTX,3
LVWR,
LW,3
LWAY,3
LWLG,
LX,
LXEH,
LXFR,5
LXP,2
LXRX,4
LXU,3
LYB,3
LYEL,3
LYFT,3
LYG,3
LYRA,3
LYT,
LYTS,3
LYV,1
LZ,3
LZB,4
LZM,
M,4
MA,3
MAA,3
MAC,3
MACA,
MACAU,
MACAW,
MACK,
MAG,3
MAIA,3
MAIN,3
MAMA,1
MAN,3
MANH,1
MANU,3
MAPS,3
MAPSW,
MAQCW,
MAR,1
MARA,4
MARK,
MARPS,
MARX,
MAS,1
MASI,3
MASS,4
MAT,2
MATH,
MATV,5
MATW,2
MATX,1
MAV,
MAX,3
MAXN,3
MAYS,
MBAC,
MBC,
MBCN,4
MBI,2
MBIN,3
MBINM,
MBINN,
MBINO,
MBINP,
MBIO,3
MBLY,3
MBNKP,
MBOT,3
MBRX,3
MBSC,
MBTC,
MBTCR,
MBUU,4
MBWM,1
MC,3
MCAA,
MCAAW,
MCAC,
MCACR,
MCACU,
MCAF,
MCAFR,
MCAG,
MCAGR,
MCB,3
MCBC,
MCBS,
MCD,2
MCFT,5
MCHP,3
MCHX,3
MCI,
MCK,2
MCLD,
MCLDW,
MCN,
MCO,1
MCOM,
MCOMW,
MCR,
MCRB,3
MCRI,3
MCS,3
MCVT,
MCW,4
MCY,2
MD,3
MDB,2
MDC,1
MDGL,3
MDGS,
MDIA,
MDJH,
MDLZ,3
MDNA,
MDRR,
MDRRP,
MDRX,3
MDT,2
MDU,2
MDV,3
MDVL,
MDWD,4
MDWT,3
MDXG,
MDXH,3
ME,
MEC,3
MED,3
MEDP,2
MEDS,3
MEG,3
MEGI,
MEGL,
MEI,5
MEIP,3
MELI,3
MEOH,4
MER,
MERC,5
MESA,4
MESO,4
MET,3
META,2
METC,3
METCB,
METCL,
METX,
METXW,
MF,
MFA,3
MFC,2
MFD,
MFG,4
MFH,
MFIC,2
MFIN,1
MFM,
MFV,
MG,
MGA,2
MGAM,
MGEE,4
MGF,
MGIC,3
MGIH,
MGLD,
MGM,1
MGNI,2
MGNX,3
MGOL,
MGPI,1
MGR,
MGRB,
MGRC,2
MGRD,
MGRM,
MGRX,
MGTA,4
MGTX,3
MGY,5
MGYR,
MHD,
MHF,
MHH,
MHI,
MHK,3
MHLA,
MHLD,
MHN,
MHNC,
MHO,1
MHUA,
MICS,
MIDD,4
MIGI,
MIMO,3
MIN,
MIND,
MINDP,
MINM,3
MIO,
MIR,
MIRA,
MIRM,3
MIRO,3
MIST,2
MITA,
MITK,3
MITQ,
MITT,
MIXT,3
MIY,
MKC,3
MKFG,3
MKL,2
MKSI,3
MKTW,3
MKTX,3
MKUL,
ML,3
MLAB,2
MLCO,
MLEC,
MLECW,
MLGO,
MLI,
MLKN,1
MLM,1
MLNK,4
MLP,
MLR,
MLSS,
MLTX,3
MLYS,3
MMAT,3
MMC,2
MMD,
MMI,
MMLP,
MMM,2
MMP,3
MMS,3
MMSI,3
MMT,
MMU,
MMV,
MMVWW,
MMYT,1
MNDO,
MNDY,3
MNK,
MNKD,3
MNMD,4
MNOV,
MNP,
MNPR,3
MNRO,5
MNSB,5
MNSBP,
MNSO,1
MNST,3
MNTK,3
MNTN,
MNTS,3
MNTSW,
MNTX,3
MO,3
MOB,
MOBBW,
MOBQ,
MOBQW,
MOBV,
MOBVU,
MOBVW,
MOD,1
MODD,3
MODG,2
MODN,1
MODV,3
MOFG,5
MOGO,3
MOGU,
MOH,3
MOLN,4
MOMO,2
MOND,3
MOR,3
MORF,3
MORN,
MOS,5
MOTS,2
MOV,3
MOVE,
MOXC,
MP,4
MPA,
MPAA,2
MPB,5
MPC,3
MPLN,
MPLX,3
MPRA,
MPRAW,
MPTI,3
MPU,
MPV,
MPW,4
MPWR,3
MPX,
MQ,3
MQT,
MQY,
MRAI,
MRAM,
MRBK,3
MRC,4
MRCC,3
MRCY,5
MRDB,
MREO,3
MRIN,
MRK,3
MRKR,
MRM,
MRNA,3
MRNS,3
MRO,3
MRSN,3
MRT,
MRTN,4
MRTX,3
MRUS,3
MRVI,3
MRVL,2
MS,3
MSA,1
MSB,
MSBI,5
MSBIP,
MSC,
MSCI,2
MSD,
MSEX,2
MSFT,3
MSGE,3
MSGM,3
MSGS,3
MSI,2
MSM,3
MSN,
MSSA,
MSTR,5
MSVB,
MT,3
MTA,4
MTAC,
MTACU,
MTACW,
MTAL,
MTB,3
MTBL,
MTC,
MTCH,3
MTD,4
MTDR,4
MTEK,
MTEKW,
MTEM,3
MTEX,
MTG,3
MTH,3
MTLS,
MTN,4
MTNB,
MTR,
MTRN,3
MTRX,3
MTRY,
MTSI,2
MTTR,3
MTW,1
MTX,3
MTZ,2
MU,3
MUA,
MUC,
MUE,
MUFG,4
MUI,
MUJ,
MULN,
MUR,3
MURFU,
MUSA,2
MUX,3
MVBF,3
MVF,
MVIS,3
MVLA,3
MVLAW,
MVO,
MVST,3
MVSTW,
MVT,
MWA,3
MWG,
MX,3
MXC,
MXCT,3
MXE,
MXF,
MXL,4
MYD,
MYE,4
MYFW,3
MYGN,4
MYI,
MYMD,
MYN,
MYNA,3
MYNZ,3
MYO,3
MYPS,3
MYPSW,
MYRG,2
MYSZ,3
MYTE,4
N,4
NA,
NAAS,
NABL,3
NAC,
NAD,
NAII,
NAK,3
NAMS,3
NAMSW,
NAN,
NAOV,
NAPA,3
NARI,2
NAT,3
NATH,
NATI,4
NATR,
NAUT,2
NAVB,
NAVI,3
NAZ,
NB,
NBB,
NBH,
NBHC,3
NBIX,3
NBN,
NBO,
NBR,4
NBSE,3
NBST,
NBSTW,
NBTB,3
NBTX,
NBW,
NBXG,
NBY,3
NC,
NCA,
NCLH,2
NCMI,3
NCNA,3
NCNO,2
NCPL,
NCPLW,
NCR,2
NCRA,
NCSM,3
NCTY,
NCV,
NCZ,
NDAQ,3
NDLS,4
NDMO,
NDP,
NDRA,
NDSN,2
NE,
NEA,
NECB,3
NEE,2
NEGG,3
NEM,3
NEN,
NEO,4
NEOG,2
NEON,
NEOV,
NEOVW,
NEP,3
NEPH,
NEPT,
NERV,4
NET,3
NETC,
NETDU,
NETI,3
NEU,
NEWP,3
NEWR,2
NEWT,3
NEWTL,
NEWTZ,
NEX,5
NEXA,3
NEXI,3
NEXT,2
NFBK,5
NFE,4
NFG,3
NFGC,
NFJ,
NFLX,2
NFNT,
NFTG,
NFYS,
NG,3
NGD,3
NGG,3
NGL,3
NGM,3
NGMS,3
NGS,
NGVC,
NGVT,5
NHC,
NHI,2
NHS,
NHTC,
NHWK,
NI,2
NIC,3
NICE,3
NICK,
NIE,
NIM,
NIMC,
NINE,4
NIO,3
NIOBW,
NIR,4
NIRWW,
NISN,
NIU,3
NJR,3
NKE,3
NKLA,2
NKSH,5
NKTR,3
NKTX,3
NKX,
NL,
NLS,2
NLSP,
NLSPW,
NLTX,3
NLY,3
NM,
NMAI,
NMCO,
NMFC,1
NMG,3
NMI,
NMIH,3
NMK,
NML,
NMM,5
NMR,4
NMRD,3
NMRK,5
NMS,
NMT,
NMTC,
NMZ,
NN,3
NNAVW,
NNBR,
NNDM,
NNI,
NNN,3
NNOX,3
NNVC,
NNY,
NOA,2
NOAH,
NOC,3
NODK,
NOG,3
NOGN,
NOGNW,
NOK,3
NOM,
NOMD,3
NOTE,3
NOTV,3
NOV,2
NOVA,3
NOVT,3
NOVV,
NOVVW,
NOW,2
NPABW,
NPCE,3
NPCT,
NPFD,
NPK,
NPO,3
NPV,
NPWR,3
NQP,
NR,
NRAC,
NRACU,
NRACW,
NRBO,3
NRC,
NRDS,3
NRDY,3
NREF,5
NRG,3
NRGV,3
NRGX,
NRIM,3
NRIX,2
NRK,
NRO,
NRP,
NRSN,
NRSNW,
NRT,
NRUC,
NRXP,3
NRXPW,
NS,3
NSA,3
NSC,4
NSIT,4
NSP,3
NSPR,3
NSS,
NSSC,3
NSTB,
NSTC,
NSTD,
NSTG,3
NSTS,
NSYS,
NTAP,3
NTB,1
NTCO,3
NTCT,3
NTES,1
NTG,
NTGR,3
NTIC,4
NTIP,
NTLA,3
NTNX,3
NTR,5
NTRA,3
NTRB,
NTRBW,
NTRS,3
NTRSO,
NTST,3
NTWK,
NTZ,
NU,2
NUBI,
NUE,3
NURO,
NUS,4
NUTX,3
NUV,
NUVA,3
NUVB,3
NUVL,2
NUW,
NUWE,3
NUZE,
NVAC,
NVACR,
NVACW,
NVAX,3
NVCR,4
NVCT,3
NVDA,1
NVEC,
NVEE,3
NVEI,4
NVFY,
NVG,
NVGS,1
NVIV,
NVMI,3
NVNO,4
NVO,2
NVOS,
NVR,3
NVRI,3
NVRO,3
NVS,3
NVST,3
NVT,1
NVTA,2
NVTS,3
NVVE,
NVVEW,
NVX,
NWBI,3
NWE,4
NWFL,
NWG,5
NWL,4
NWLI,
NWN,3
NWPX,3
NWS,
NWSA,4
NWTN,
NWTNW,
NX,
NXC,
NXDT,
NXE,3
NXG,
NXGL,
NXGLW,
NXGN,3
NXJ,
NXL,
NXN,
NXP,
NXPI,2
NXPL,
NXPLW,
NXRT,3
NXST,1
NXT,2
NXTC,3
NXTP,3
NXU,
NYAX,3
NYC,3
NYCB,2
NYMT,5
NYMTL,
NYMTM,
NYMTN,
NYMTZ,
NYT,3
NYXH,3
NZF,
O,3
OABI,4
OABIW,
OAK,1
OAKU,
OAKUW,
OB,3
OBDC,4
OBE,
OBIO,3
OBK,5
OBLG,
OBT,3
OC,1
OCAX,
OCAXW,
OCC,
OCCI,3
OCCIN,
OCCIO,
OCEA,3
OCEAW,
OCFC,5
OCFCP,
OCFT,3
OCG,
OCGN,3
OCN,3
OCS,3
OCSAW,
OCSL,3
OCTO,
OCUL,3
OCUP,3
OCX,3
ODC,
ODD,
ODFL,3
ODP,3
ODV,3
ODVWW,
OEC,4
OESX,3
OFC,3
OFG,2
OFIX,3
OFLX,
OFS,1
OFSSH,
OGE,3
OGEN,
OGI,5
OGN,4
OGS,2
OHAA,
OHAAW,
OHI,2
OI,2
OIA,
OIG,
OII,2
OIS,5
OKE,3
OKTA,4
OKYO,
OLB,
OLED,3
OLIT,
OLK,2
OLLI,2
OLMA,3
OLN,5
OLO,3
OLP,3
OLPX,4
OM,3
OMAB,1
OMC,3
OMCL,3
OMER,3
OMEX,
OMF,3
OMGA,4
OMH,
OMI,4
OMIC,3
OMQS,
ON,2
ONB,3
ONBPO,
ONBPP,
ONCT,3
ONCY,3
ONDS,3
ONEW,5
ONFO,
ONFOW,
ONL,
ONON,1
ONTF,3
ONTO,3
ONTX,3
ONVO,
ONYX,
OOMA,3
OP,
OPA,
OPAD,3
OPAL,2
OPBK,2
OPCH,1
OPEN,3
OPFI,3
OPGN,3
OPHC,
OPI,3
OPINL,
OPK,2
OPOF,
OPP,
OPRA,
OPRT,4
OPRX,3
OPT,3
OPTN,3
OPTT,
OPXS,
OPY,
OR,3
ORA,3
ORAN,2
ORC,4
ORCL,3
ORGN,2
ORGNW,
ORGO,3
ORGS,
ORI,1
ORIC,3
ORLA,3
ORLY,3
ORMP,
ORN,3
ORRF,2
ORTX,2
OSA,3
OSAAW,
OSBC,3
OSCR,4
OSG,
OSI,
OSIS,3
OSK,1
OSPN,3
OSS,3
OST,
OSTK,4
OSUR,4
OSW,2
OTEX,3
OTIS,3
OTLK,3
OTLY,3
OTMO,3
OTMOW,
OTRK,
OTRKP,
OTTR,3
OUST,3
OUT,4
OVBC,
OVID,2
OVLY,
OVV,5
OWL,3
OWLT,3
OXAC,
OXACU,
OXACW,
OXBR,
OXBRW,
OXLC,
OXLCL,
OXLCM,
OXLCN,
OXLCO,
OXLCP,
OXLCZ,
OXM,3
OXSQ,3
OXSQG,
OXSQL,
OXSQZ,
OXUS,
OXUSW,
OXY,4
OZ,
OZK,3
OZKAP,
P,
PAA,3
PAAS,3
PAC,1
PACB,3
PACI,
PACK,
PACW,5
PACWP,
PAG,2
PAGP,2
PAGS,2
PAHC,4
PAI,
PALI,3
PALT,
PAM,3
PANL,3
PANW,1
PAR,3
PARA,3
PARAA,
PARAP,
PARR,3
PASG,3
PATH,3
PATI,
PATK,3
PAVM,3
PAVMZ,
PAVS,
PAX,4
PAXS,
PAY,4
PAYC,3
PAYO,3
PAYOW,
PAYS,
PAYX,3
PB,3
PBA,3
PBAX,
PBAXU,
PBAXW,
PBBK,
PBF,3
PBFS,
PBH,2
PBHC,
PBI,4
PBLA,3
PBPB,4
PBR,3
PBT,
PBTS,
PBYI,4
PCAR,1
PCB,2
PCCT,
PCCTW,
PCF,
PCG,4
PCGU,
PCH,3
PCK,
PCM,
PCN,
PCOR,2
PCQ,
PCRX,3
PCSA,
PCT,3
PCTI,
PCTTU,
PCTTW,
PCTY,1
PCVX,3
PCYG,
PCYO,
PD,3
PDCO,1
PDD,3
PDEX,
PDFS,3
PDI,
PDLB,2
PDM,5
PDO,
PDS,3
PDSB,3
PDT,
PEAK,3
PEB,3
PEBK,
PEBO,3
PECO,2
PED,3
PEG,3
PEGA,2
PEGR,
PEGRW,
PEGY,3
PEN,1
PENN,3
PEO,
PEP,2
PEPG,3
PEPL,
PEPLW,
PERF,4
PERI,2
PESI,2
PET,3
PETQ,3
PETS,4
PETV,
PETVW,
PETWW,
PETZ,
PEV,
PFBC,1
PFC,3
PFD,
PFE,3
PFG,3
PFGC,4
PFH,
PFIE,2
PFIN,
PFIS,5
PFL,
PFLT,3
PFMT,
PFN,
PFO,
PFS,4
PFSI,3
PFSW,
PFTA,
PFTAU,
PFTAW,
PFX,3
PFXNZ,
PG,3
PGC,5
PGEN,3
PGNY,2
PGP,
PGR,3
PGRE,5
PGRU,4
PGSS,
PGTI,1
PGY,3
PGYWW,
PGZ,
PH,3
PHAR,3
PHAT,3
PHD,
PHG,2
PHGE,3
PHI,3
PHIN,
PHIO,3
PHK,
PHM,1
PHR,3
PHT,
PHUN,3
PHUNW,
PHVS,3
PHX,4
PHXM,
PHYT,
PI,4
PIAI,
PII,2
PIII,3
PIIIW,
PIK,
PIM,
PINC,3
PINE,3
PINS,2
PIPR,5
PIRS,3
PIXY,
PJT,4
PK,3
PKBK,
PKE,
PKG,3
PKOH,3
PKST,3
PKX,1
PL,3
PLAB,3
PLAG,
PLAO,
PLAOU,
PLAOW,
PLAY,1
PLBC,
PLBY,3
PLCE,3
PLD,3
PLG,
PLL,3
PLM,
PLMI,
PLMIW,
PLMR,3
PLNT,3
PLOW,4
PLPC,
PLRX,3
PLSE,
PLTK,3
PLTN,
PLTNR,
PLTNW,
PLTR,2
PLUG,4
PLUR,
PLUS,3
PLX,
PLXS,3
PLYA,3
PLYM,3
PM,3
PMCB,
PMD,
PMF,
PML,
PMM,
PMN,3
PMO,
PMT,5
PMTS,
PMVP,3
PMX,
PNAC,
PNACR,
PNACU,
PNACW,
PNBK,
PNC,4
PNF,
PNFP,3
PNFPP,
PNI,
PNM,2
PNNT,2
PNR,2
PNRG,
PNT,3
PNTG,4
PNW,2
POAI,
POCI,
PODD,3
POET,
POL,
POLA,
POOL,4
POR,2
PORT,
POST,1
POWI,3
POWL,
POWW,4
POWWP,
PPBI,4
PPBT,3
PPC,3
PPG,1
PPHP,
PPIH,
PPL,3
PPSI,3
PPT,
PPTA,4
PPYA,
PPYAW,
PR,3
PRA,1
PRAA,2
PRAX,2
PRCH,4
PRCT,3
PRDO,1
PRDS,
PRE,2
PRFT,4
PRFX,
PRG,1
PRGO,3
PRGS,2
PRH,
PRI,3
PRIF,
PRIM,3
PRK,4
PRLB,3
PRLD,3
PRLH,
PRLHU,
PRLHW,
PRM,3
PRME,3
PRMW,3
PRO,2
PROC,3
PROCW,
PROF,2
PROK,3
PROV,3
PRPC,
PRPH,3
PRPL,3
PRPO,
PRQR,3
PRS,
PRSO,3
PRSR,
PRSRU,
PRSRW,
PRST,
PRSTW,
PRT,
PRTA,3
PRTC,3
PRTG,2
PRTH,3
PRTK,3
PRTS,4
PRU,3
PRVA,3
PRZO,
PSA,3
PSEC,3
PSF,
PSFE,1
PSHG,
PSMT,
PSN,1
PSNL,3
PSNY,3
PSNYW,
PSO,2
PSQH,
PSTG,4
PSTL,3
PSTV,2
PSTX,3
PSX,3
PT,
PTA,
PTC,3
PTCT,3
PTEN,5
PTGX,4
PTHR,
PTHRU,
PTHRW,
PTIX,
PTIXW,
PTLO,4
PTMN,3
PTN,3
PTON,3
PTPI,
PTRA,3
PTRS,
PTSI,5
PTVE,2
PTWO,
PTWOW,
PTY,
PUBM,2
PUCK,
PUCKU,
PUCKW,
PUK,3
PULM,3
PUMP,3
PUYI,
PVBC,4
PVH,3
PVL,
PW,
PWFL,3
PWM,
PWOD,
PWP,
PWR,2
PWSC,3
PWUP,
PWUPU,
PWUPW,
PX,4
PXD,3
PXDT,
PXLW,3
PXMD,
PXS,
PXSAP,
PXSAW,
PYCR,3
PYN,
PYPD,
PYPL,3
PYR,
PYT,
PYXS,3
PZC,
PZG,
PZZA,3
Q,
QBTS,2
QCOM,3
QCRH,3
QD,
QDEL,2
QDRO,
QDROW,
QFIN,3
QFTA,
QGEN,3
QH,
QIPT,5
QLGN,
QLI,
QLYS,2
QMCO,3
QNCX,
QNRX,
QNST,3
QOMO,
QOMOW,
QQQX,
QRHC,3
QRTEA,4
QRTEB,
QRTEP,
QRVO,3
QS,4
QSG,
QSI,
QSIAW,
QSR,3
QTRX,2
QTWO,3
QUAD,3
QUBT,
QUIK,3
QUOT,
QURE,3
QVCC,
QVCD,
R,2
RA,
RACE,3
RAD,3
RADI,3
RAIL,2
RAIN,3
RAMP,3
RAND,
RANI,3
RAPT,3
RARE,3
RAVE,
RAYA,
RBA,3
RBB,5
RBBN,4
RBC,2
RBCAA,5
RBCP,
RBKB,
RBLX,4
RBOT,4
RBT,3
RC,3
RCA,
RCAC,
RCACW,
RCAT,
RCB,
RCC,
RCEL,4
RCFA,
RCG,
RCI,3
RCKT,3
RCKY,4
RCL,1
RCLF,
RCLFU,
RCLFW,
RCM,3
RCMT,3
RCON,
RCRT,
RCRTW,
RCS,
RCUS,3
RDCM,1
RDFN,3
RDHL,
RDI,
RDIB,
RDN,2
RDNT,3
RDVT,
RDW,3
RDWR,4
RDY,1
REAL,3
REAX,3
REBN,
REE,3
REFI,3
REFR,
REG,2
REGN,3
REI,4
REKR,2
RELI,
RELIW,
RELL,3
RELX,2
RELY,3
RENB,
RENE,
RENEU,
RENEW,
RENT,3
REPL,3
REPX,5
RERE,
RES,3
RETA,3
RETO,
REVB,
REVBW,
REVG,
REX,3
REXR,4
REYN,2
REZI,5
RF,3
RFAC,
RFACW,
RFI,
RFIL,4
RFL,
RFM,
RFMZ,
RGA,3
RGC,
RGCO,3
RGEN,5
RGF,3
RGLD,4
RGLS,3
RGNX,3
RGP,4
RGR,
RGS,3
RGT,
RGTI,3
RGTIW,
RH,3
RHE,
RHI,5
RHP,1
RIBT,
RICK,4
RIG,4
RIGL,3
RILY,
RILYG,
RILYK,
RILYL,
RILYM,
RILYN,
RILYO,
RILYP,
RILYT,
RILYZ,
RIO,3
RIOT,2
RITM,2
RIV,
RIVN,2
RJF,3
RKDA,2
RKLB,4
RKT,3
RL,3
RLAY,4
RLGT,
RLI,1
RLJ,4
RLMD,3
RLTY,
RLX,
RLYB,2
RM,3
RMAX,2
RMBI,
RMBL,3
RMBS,4
RMCF,
RMD,3
RMED,3
RMGC,
RMGCU,
RMGCW,
RMI,
RMM,
RMMZ,
RMNI,4
RMPL,
RMR,5
RMT,
RMTI,2
RNA,3
RNAZ,2
RNG,4
RNGR,5
RNLX,4
RNP,
RNR,1
RNST,5
RNW,3
RNWWW,
RNXT,3
ROAD,2
ROCK,2
ROCL,
ROCLW,
ROG,3
ROIC,3
ROIV,3
ROIVW,
ROK,3
ROKU,2
ROL,3
ROOT,3
ROP,2
ROSE,
ROSEW,
ROSS,
ROST,2
ROVR,1
RPAY,3
RPD,3
RPHM,3
RPID,2
RPM,3
RPRX,3
RPT,3
RPTX,3
RQI,
RRAC,
RRBI,5
RRC,3
RRGB,2
RRR,4
RRX,3
RS,3
RSF,
RSG,3
RSI,2
RSKD,3
RSLS,
RSSS,3
RSVR,1
RSVRW,
RTC,
RTL,3
RTLPO,
RTLPP,
RTO,3
RTX,3
RUM,3
RUMBW,
RUN,3
RUSHA,2
RUSHB,
RVLP,
RVLV,4
RVMD,3
RVNC,2
RVP,
RVPH,
RVPHW,
RVSB,4
RVSN,
RVSNW,
RVT,
RVTY,4
RVYL,3
RWAY,2
RWAYL,
RWAYZ,
RWLK,3
RWOD,
RWODR,
RWODW,
RWT,3
RXO,3
RXRX,4
RXST,2
RXT,3
RY,2
RYAAY,2
RYAM,5
RYAN,2
RYI,5
RYN,3
RYTM,3
RZB,
RZC,
RZLT,2
S,4
SA,3
SABR,3
SABRP,
SABS,3
SABSW,
SACC,
SACH,3
SAFE,3
SAFT,
SAGA,
SAGE,3
SAH,3
SAI,
SAIA,1
SAIC,3
SAITW,
SAJ,
SAL,3
SALM,3
SAM,2
SAMA,
SAMAW,
SAMG,4
SAN,3
SANA,3
SAND,3
SANG,3
SANM,
SANW,3
SAP,3
SAR,1
SASI,3
SASR,5
SAT,
SATL,
SATS,3
SATX,
SAVA,3
SAVE,4
SAY,
SAZ,
SB,3
SBAC,3
SBBA,
SBCF,5
SBET,
SBEV,3
SBFG,3
SBFM,
SBFMW,
SBGI,3
SBH,3
SBI,
SBIG,4
SBIGW,
SBLK,4
SBOW,4
SBR,
SBRA,3
SBS,
SBSI,1
SBSW,5
SBT,
SBUX,3
SBXC,
SCCB,
SCCC,
SCCD,
SCCE,
SCCF,
SCCG,
SCCO,4
SCD,
SCE,
SCHL,3
SCHN,5
SCHW,3
SCI,4
SCKT,
SCL,5
SCLX,
SCLXW,
SCM,3
SCOR,3
SCPH,3
SCPL,2
SCRM,
SCRMU,
SCRMW,
SCS,4
SCSC,3
SCTL,
SCU,
SCVL,3
SCWO,
SCWX,3
SCX,
SCYX,3
SD,
SDA,
SDAWW,
SDC,2
SDGR,4
SDHY,
SDIG,3
SDOT,
SDPI,
SDRL,3
SE,5
SEAC,
SEAL,
SEAS,3
SEAT,3
SEATW,
SEB,
SECO,
SEDA,
SEDG,4
SEE,3
SEED,
SEEL,3
SEER,3
SEIC,2
SELB,3
SELF,
SEM,2
SEMR,3
SENEA,
SENEB,
SENS,3
SEPA,
SERA,3
SES,3
SEVN,
SF,
SFB,
SFBC,
SFBS,3
SFE,
SFIX,3
SFL,
SFM,2
SFNC,3
SFR,3
SFRWW,
SFST,3
SFT,3
SFWL,
SG,2
SGA,3
SGBX,
SGC,3
SGE,
SGEN,4
SGH,3
SGHC,3
SGHT,3
SGII,
SGLY,
SGMA,
SGML,5
SGMO,3
SGMT,
SGRP,3
SGRY,3
SGTX,3
SGU,
SHAK,2
SHAP,
SHBI,5
SHC,3
SHCO,2
SHCR,3
SHCRW,
SHEL,3
SHEN,1
SHFS,
SHFSW,
SHG,2
SHIP,3
SHLS,3
SHLT,
SHO,3
SHOO,3
SHOP,2
SHPH,
SHPW,
SHPWW,
SHUA,
SHUAU,
SHW,1
SHYF,4
SIBN,2
SID,3
SIDU,3
SIEB,
SIEN,3
SIF,
SIFY,4
SIG,3
SIGA,3
SIGI,3
SIGIP,
SII,
SILC,
SILK,3
SILO,
SILV,4
SIM,
SIMO,3
SINT,
SIRI,3
SISI,
SITC,3
SITE,2
SITM,3
SIX,5
SJ,
SJM,2
SJT,
SJW,3
SKE,3
SKGR,
SKGRU,
SKGRW,
SKIL,3
SKIN,5
SKLZ,3
SKM,3
SKT,2
SKWD,4
SKX,2
SKY,4
SKYH,
SKYT,3
SKYW,2
SKYX,
SLAB,5
SLAC,
SLACU,
SLACW,
SLAM,
SLAMU,
SLB,3
SLCA,4
SLDB,4
SLDP,3
SLDPW,
SLF,2
SLG,3
SLGC,3
SLGCW,
SLGG,3
SLGL,4
SLGN,4
SLI,3
SLM,3
SLMBP,
SLN,4
SLNA,
SLNAW,
SLND,
SLNG,
SLNH,
SLNHP,
SLNO,3
SLP,4
SLQT,
SLRC,4
SLRN,3
SLRX,
SLS,3
SLVM,2
SLVR,
SLVRU,
SLVRW,
SM,3
SMAP,
SMAPU,
SMAPW,
SMAR,3
SMBC,4
SMBK,3
SMCI,1
SMFG,3
SMFL,3
SMG,5
SMHI,
SMID,
SMLP,
SMLR,
SMMF,3
SMMT,
SMP,3
SMPL,3
SMR,3
SMRT,4
SMSI,3
SMTC,4
SMTI,3
SMWB,3
SMX,
SMXWW,
SN,
SNA,3
SNAL,3
SNAP,3
SNAX,3
SNAXW,
SNBR,3
SNCE,
SNCR,3
SNCRL,
SNCY,3
SND,1
SNDA,
SNDL,
SNDR,3
SNDX,3
SNES,3
SNEX,1
SNFCA,
SNGX,
SNMP,
SNN,4
SNOA,
SNOW,3
SNPO,3
SNPS,2
SNPX,
SNSE,2
SNT,
SNTG,
SNTI,3
SNV,4
SNX,4
SNY,3
SO,3
SOBR,
SOFI,3
SOFO,
SOHO,3
SOHOB,
SOHON,
SOHOO,
SOHU,3
SOI,1
SOJC,
SOJD,
SOJE,
SOL,3
SOLO,3
SOLOW,
SON,5
SOND,
SONDW,
SONM,
SONN,3
SONO,3
SONX,3
SONY,3
SOPA,
SOPH,3
SOR,
SOS,
SOTK,2
SOUN,3
SOUNW,
SOVO,2
SP,1
SPB,3
SPCB,
SPCE,2
SPE,
SPFI,3
SPG,3
SPGI,3
SPH,
SPHR,2
SPI,
SPIR,3
SPLK,3
SPLP,
SPNS,3
SPNT,
SPOK,
SPOT,3
SPR,4
SPRB,2
SPRC,
SPRO,2
SPRU,
SPRY,3
SPSC,3
SPT,3
SPTN,3
SPWH,3
SPWR,5
SPXC,2
SPXX,
SQ,3
SQFT,
SQFTP,
SQFTW,
SQL,
SQLLW,
SQM,3
SQNS,3
SQSP,5
SR,3
SRAD,3
SRC,3
SRCE,3
SRCL,3
SRDX,1
SRE,3
SREA,
SRFM,
SRG,
SRI,3
SRL,
SRPT,3
SRRK,2
SRT,3
SRTS,4
SRV,
SRZN,3
SRZNW,
SSB,4
SSBI,
SSBK,
SSD,1
SSIC,3
SSKN,3
SSL,3
SSNC,4
SSNT,
SSP,3
SSRM,3
SSSS,
SSSSL,
SST,3
SSTI,3
SSTK,3
SSU,
SSY,
SSYS,3
ST,4
STAA,3
STAF,3
STAG,3
STBA,3
STBX,
STC,3
STCN,
STE,3
STEL,5
STEM,3
STEP,4
STER,1
STEW,
STG,
STGW,4
STHO,
STIM,3
STIX,3
STIXW,
STK,
STKH,
STKL,3
STKS,4
STLA,1
STLD,3
STM,3
STN,2
STNE,2
STNG,3
STOK,3
STR,3
STRA,2
STRC,4
STRCW,
STRL,3
STRM,
STRO,4
STRR,3
STRRP,
STRS,
STRT,5
STRW,
STSS,
STSSW,
STT,3
STTK,3
STVN,2
STWD,2
STX,4
STXS,2
STZ,3
SU,3
SUAC,
SUI,4
SUM,1
SUN,3
SUNL,5
SUNW,2
SUP,
SUPN,5
SUPV,4
SURF,3
SURG,
SURGW,
SUZ,1
SVC,4
SVFD,
SVII,
SVIIU,
SVM,3
SVRA,3
SVRE,
SVT,
SVV,3
SVVC,
SWAG,
SWAGW,
SWAV,3
SWBI,
SWI,3
SWIM,5
SWK,3
SWKH,
SWKS,4
SWN,3
SWSS,
SWSSW,
SWTX,3
SWVL,
SWVLW,
SWX,3
SWZ,
SXC,2
SXI,3
SXT,
SXTC,
SXTP,
SXTPW,
SY,
SYBT,3
SYBX,3
SYF,3
SYK,2
SYM,3
SYNA,3
SYNH,2
SYPR,
SYRS,3
SYT,
SYTA,
SYTAW,
SYY,4
SZZL,
T,3
TAC,3
TACT,3
TAIT,
TAK,2
TAL,3
TALK,2
TALKW,
TALO,3
TALS,
TANH,
TAOP,
TAP,1
TARA,3
TARO,5
TARS,3
TASK,3
TAST,4
TATT,
TAYD,
TBB,
TBBK,2
TBC,
TBCP,
TBCPW,
TBI,
TBIO,3
TBLA,4
TBLAW,
TBLD,
TBLT,3
TBLTW,
TBMC,
TBNK,4
TBPH,3
TC,
TCBC,
TCBI,3
TCBIO,
TCBK,5
TCBP,3
TCBPW,
TCBS,
TCBX,3
TCI,
TCJH,
TCMD,1
TCN,4
TCOA,
TCOM,1
TCON,3
TCPC,2
TCRT,3
TCRX,3
TCS,4
TCX,
TD,3
TDC,3
TDCX,3
TDF,
TDG,3
TDOC,3
TDS,3
TDUP,3
TDW,3
TDY,3
TEAF,
TEAM,5
TECH,4
TECK,3
TECTP,
TEDU,
TEF,3
TEI,
TEL,3
TELA,3
TELL,3
TELZ,
TENB,3
TENK,
TENX,
TEO,3
TER,3
TERN,3
TETE,
TETEW,
TEVA,3
TEX,1
TFC,5
TFFP,3
TFII,3
TFIN,4
TFINP,
TFPM,4
TFSA,
TFSL,3
TFX,3
TG,
TGAA,
TGAAW,
TGAN,2
TGB,5
TGH,1
TGI,3
TGL,
TGLS,3
TGNA,3
TGS,4
TGT,4
TGTX,3
TH,5
THC,3
THCH,
THCPW,
THFF,3
THG,5
THM,
THMO,
THO,4
THQ,
THR,2
THRD,2
THRM,3
THRN,3
THRX,2
THRY,3
THS,2
THTX,4
THW,
THWWW,
TIGO,
TIGR,
TIL,3
TILE,1
TIMB,3
TIO,3
TIPT,
TIRX,
TISI,
TITN,3
TIVC,3
TIXT,5
TJX,2
TK,
TKAT,
TKC,4
TKLF,
TKNO,4
TKR,3
TLF,
TLGY,
TLGYW,
TLIS,
TLK,4
TLRY,3
TLS,3
TLSA,
TLYS,3
TM,1
TMBR,3
TMC,3
TMCI,3
TMCWW,
TMDX,3
TME,4
TMHC,1
TMKR,
TMKRW,
TMO,3
TMP,5
TMPO,3
TMPOW,
TMQ,4
TMST,2
TMTC,
TMUS,2
TNC,
TNDM,3
TNET,1
TNGX,3
TNK,2
TNL,3
TNON,
TNONW,
TNP,4
TNXP,
TNYA,3
TOI,3
TOIIW,
TOL,2
TOMZ,3
TOON,3
TOP,
TOPS,
TORO,
TOST,4
TOUR,
TOVX,
TOWN,5
TPB,3
TPC,3
TPCS,
TPET,
TPG,3
TPH,3
TPHS,
TPIC,5
TPL,2
TPR,3
TPST,3
TPTA,
TPVG,3
TPX,4
TPZ,
TR,
TRC,
TRCA,
TRDA,3
TREE,3
TREX,1
TRGP,3
TRHC,3
TRI,4
TRIB,4
TRIN,2
TRINL,
TRIP,4
TRIS,
TRKA,
TRKAW,
TRMB,3
TRMD,
TRMK,2
TRMR,3
TRN,3
TRNO,3
TRNR,
TRNS,2
TRON,
TRONW,
TROO,
TROW,1
TROX,4
TRP,2
TRS,3
TRST,4
TRT,
TRTL,
TRTN,2
TRTX,3
TRU,3
TRUE,2
TRUP,3
TRV,3
TRVG,3
TRVI,3
TRVN,3
TRX,5
TS,3
TSAT,
TSBK,
TSBX,
TSCO,3
TSE,4
TSEM,
TSHA,3
TSI,
TSLA,3
TSLX,2
TSM,5
TSN,3
TSP,3
TSQ,1
TSRI,
TSVT,3
TT,2
TTC,3
TTD,1
TTE,4
TTEC,4
TTEK,3
TTGT,4
TTI,1
TTMI,1
TTNP,
TTOO,
TTP,
TTSH,
TTWO,3
TU,3
TUP,3
TURN,
TUSK,
TUYA,3
TV,4
TVC,
TVE,
TVTX,4
TW,4
TWI,4
TWIN,
TWKS,5
TWLO,2
TWLV,
TWLVW,
TWN,
TWNK,2
TWO,3
TWOA,
TWOU,3
TWST,3
TX,3
TXG,3
TXMD,3
TXN,3
TXO,3
TXRH,3
TXT,2
TY,
TYG,
TYGO,3
TYGOW,
TYL,3
TYRA,3
TZOO,2
U,3
UA,
UAA,3
UAL,1
UAMY,
UAN,
UAVS,
UBA,3
UBCP,
UBER,1
UBFO,
UBP,
UBS,3
UBSI,3
UBX,3
UCAR,
UCBI,5
UCBIO,
UCL,3
UCTT,
UDMY,2
UDR,3
UE,3
UEC,3
UEIC,3
UFAB,
UFCS,4
UFI,4
UFPI,3
UFPT,
UG,
UGI,4
UGIC,
UGP,4
UGRO,3
UHAL,
UHG,
UHGWW,
UHS,3
UHT,
UI,3
UIHC,
UIS,
UK,
UKOMW,
UL,2
ULBI,
ULCC,3
ULH,3
ULTA,2
UMBF,5
UMC,3
UMH,3
UNB,
UNCY,4
UNF,4
UNFI,4
UNH,3
UNIT,3
UNM,3
UNMA,
UNP,5
UNTY,2
UONE,
UONEK,
UP,3
UPBD,1
UPC,
UPH,3
UPLD,3
UPS,3
UPST,3
UPTD,
UPTDW,
UPWK,3
UPXI,
URBN,2
URG,3
URGN,2
URI,3
UROY,
USA,
USAC,3
USAP,2
USAS,3
USAU,
USB,4
USCB,3
USCT,
USCTW,
USDP,4
USEA,
USEG,
USFD,4
USGO,3
USGOW,
USIO,3
USLM,
USM,3
USNA,1
USPH,3
UTAA,
UTF,
UTG,
UTHR,2
UTI,3
UTL,4
UTMD,
UTME,
UTRS,2
UTSI,
UTZ,2
UUU,
UUUU,2
UVE,3
UVSP,4
UVV,
UWMC,3
UXIN,
UZD,
UZE,
UZF,
V,3
VABK,
VAC,5
VACC,3
VAL,
VALE,3
VALN,4
VALU,
VANI,
VAPO,3
VAQC,
VATE,
VAXX,3
VBF,
VBFC,
VBIV,2
VBLT,
VBNK,3
VBTX,5
VC,3
VCEL,3
VCIG,
VCNX,
VCSA,1
VCTR,3
VCV,
VCXA,
VCXAU,
VCXAW,
VCXB,
VCYT,3
VECO,2
VEDU,
VEEE,
VEEV,2
VEL,2
VEON,
VERA,3
VERB,
VERBW,
VERI,2
VERO,3
VERU,3
VERV,2
VERX,3
VERY,
VET,3
VEV,
VFC,4
VFF,3
VFL,
VGAS,
VGASW,
VGI,
VGM,
VGR,4
VGZ,3
VHAQ,
VHC,
VHI,
VHNA,
VHNAW,
VIA,
VIAO,
VIASP,
VIAV,3
VICI,3
VICR,
VIEW,4
VIEWW,
VIGL,3
VII,
VIIAU,
VIIAW,
VINC,3
VINE,
VINO,
VINP,2
VIOT,
VIPS,3
VIR,3
VIRC,2
VIRI,
VIRT,5
VIRX,3
VISL,
VIST,5
VITL,3
VIV,2
VIVK,
VJET,
VKI,
VKQ,
VKTX,3
VLCN,
VLD,3
VLGEA,
VLN,3
VLO,3
VLRS,3
VLT,
VLY,4
VLYPO,
VLYPP,
VMAR,3
VMC,2
VMCA,
VMD,
VMEO,2
VMI,3
VMO,
VMW,3
VNCE,
VNDA,1
VNET,4
VNO,3
VNOM,3
VNRX,
VNT,3
VOC,
VOD,3
VOR,3
VOXR,
VOXX,
VOYA,3
VPG,3
VPV,
VQS,
VRA,3
VRAR,
VRAX,
VRCA,4
VRDN,2
VRE,3
VREX,3
VRM,4
VRME,3
VRNA,3
VRNS,4
VRNT,3
VRPX,
VRRM,3
VRSK,3
VRSN,4
VRT,1
VRTS,3
VRTV,2
VRTX,3
VS,3
VSAC,
VSACW,
VSAT,3
VSCO,3
VSEC,4
VSH,3
VSSYW,
VST,3
VSTA,3
VSTM,2
VSTO,2
VTEX,3
VTGN,
VTLE,3
VTMX,3
VTN,
VTNR,3
VTOL,
VTR,3
VTRS,3
VTRU,3
VTS,3
VTSI,3
VTVT,
VTYX,3
VUZI,3
VVI,3
VVOS,3
VVPR,
VVR,
VVV,3
VVX,3
VWE,4
VWEWW,
VXRT,2
VYGR,3
VYNE,3
VZIO,2
VZLA,3
W,2
WAB,2
WABC,5
WAFD,4
WAFDP,
WAFU,
WAL,3
WALD,4
WALDW,
WASH,3
WAT,4
WATT,3
WAVC,
WAVD,
WAVE,
WAVS,
WAVSU,
WAVSW,
WB,3
WBA,5
WBD,3
WBS,4
WBX,2
WCC,5
WCN,3
WD,5
WDAY,1
WDC,3
WDFC,4
WDH,
WDI,
WDS,
WE,
WEA,
WEAV,3
WEC,3
WEL,
WELL,2
WEN,4
WERN,5
WES,3
WEST,4
WESTW,
WETG,
WEX,3
WEYS,
WF,4
WFC,3
WFCF,
WFG,3
WFRD,3
WGO,3
WGS,3
WGSWW,
WH,3
WHD,3
WHF,2
WHG,
WHLM,
WHLR,
WHLRD,
WHLRP,
WHR,3
WIA,
WILC,
WIMI,
WINA,
WING,2
WINT,4
WINV,
WINVR,
WIRE,4
WISA,
WISH,3
WIT,3
WIW,
WIX,1
WK,2
WKC,4
WKEY,3
WKHS,2
WKME,3
WKSP,
WKSPW,
WLDN,1
WLDS,
WLDSW,
WLFC,
WLGS,
WLK,3
WLKP,4
WLY,
WLYB,
WM,3
WMB,3
WMC,
WMG,3
WMK,
WMPN,
WMS,2
WMT,2
WNC,3
WNEB,4
WNNR,
WNS,3
WNW,
WOLF,4
WOOF,3
WOR,1
WORX,
WOW,3
WPC,2
WPM,3
WPP,4
WPRT,3
WRAC,
WRAP,
WRB,3
WRBY,3
WRK,3
WRLD,3
WRN,4
WRNT,
WSBC,3
WSBCP,
WSBF,4
WSC,3
WSFS,3
WSM,3
WSO,3
WSR,3
WST,2
WT,2
WTBA,5
WTER,2
WTFC,3
WTFCM,
WTFCP,
WTI,3
WTM,
WTMA,
WTMAR,
WTRG,2
WTS,1
WTTR,3
WTW,4
WU,2
WULF,2
WVE,3
WVVI,
WVVIP,
WW,2
WWAC,
WWACU,
WWACW,
WWD,1
WWE,3
WWR,
WWW,4
WY,1
WYNN,3
WYY,
X,3
XAIR,3
XBIO,3
XBIT,
XCUR,
XEL,3
XELA,
XELAP,
XELB,4
XENE,2
XERS,3
XFIN,
XFLT,
XFOR,
XGN,3
XHR,3
XIN,
XLO,3
XMTR,3
XNCR,2
XNET,
XOM,3
XOMA,3
XOMAO,
XOMAP,
XOS,3
XOSWW,
XP,4
XPDB,
XPDBU,
XPEL,3
XPER,3
XPEV,3
XPL,2
XPO,3
XPOF,3
XPON,
XPRO,3
XRAY,2
XRTX,
XRX,3
XTLB,
XTNT,
XWEL,3
XXII,2
XYF,
XYL,1
Y,3
YALA,
YCBD,
YELL,5
YELP,2
YETI,4
YEXT,3
YGF,
YGMZ,
YI,
YJ,
YMAB,3
YMM,3
YORW,2
YOSH,
YOTA,
YOTAR,
YOTAW,
YOU,3
YPF,3
YQ,
YRD,
YS,
YSBPW,
YSG,3
YTEN,3
YTRA,3
YUM,3
YUMC,3
YVR,
YY,3
Z,
ZAPP,
ZAPPW,
ZBH,3
ZBRA,3
ZCMD,
ZD,3
ZDGE,
ZENV,3
ZEPP,
ZETA,3
ZEUS,5
ZEV,4
ZFOX,3
ZFOXW,
ZG,3
ZGN,2
ZH,3
ZI,4
ZIM,4
ZIMV,2
ZING,
ZION,5
ZIONL,
ZIONO,
ZIONP,
ZIP,3
ZIVO,
ZIVOW,
ZJYL,
ZKIN,
ZLAB,4
ZLS,
ZLSWW,
ZM,3
ZNTL,3
ZOM,3
ZS,2
ZTEK,
ZTO,2
ZTR,
ZTS,3
ZUMZ,3
ZUO,3
ZURA,3
ZURAW,
ZVIA,2
ZVRA,3
ZVSA,
ZWS,1
ZYME,3
ZYNE,3
ZYXI,4
